model_index,root_id,cell_type,super_class,side,hz_sugar,hz_bitter,hz_outside,hz_final_200ms,driven,is_readout
56459,720575940622695448,CB0248,central,right,137.1,137.1,1.0,13.6,False,False
82138,720575940627383685,CB0248,central,left,121.4,120.0,1.0,9.1,False,False
49584,720575940621502051,LB3,sensory,left,117.1,115.7,0.0,0.0,True,False
126873,720575940639332736,LB3,sensory,left,113.6,115.7,0.0,13.6,True,False
110469,720575940632889389,LB3,sensory,left,112.9,105.7,0.0,18.2,True,False
95808,720575940629888530,CB0192,central,left,110.0,108.6,2.0,9.1,False,False
32863,720575940617937543,LB3,sensory,left,108.6,108.6,0.0,4.5,True,False
129730,720575940640649691,LB3,sensory,left,106.4,117.1,0.0,13.6,True,False
12494,720575940611875570,LB3,sensory,left,105.7,105.7,0.0,13.6,True,False
108426,720575940632425919,LB3,sensory,left,104.3,100.0,0.0,9.1,True,False
14842,720575940612670570,LB3,sensory,left,102.1,92.9,0.0,13.6,True,False
111357,720575940633143833,LB3,sensory,left,102.1,105.7,0.0,4.5,True,False
97602,720575940630233916,LB3,sensory,left,101.4,105.7,0.0,9.1,True,False
100605,720575940630797113,LB3,sensory,left,100.7,97.1,0.0,0.0,True,False
28825,720575940616885538,LB3,sensory,left,100.0,98.6,0.0,0.0,True,False
69093,720575940624963786,LB3,sensory,left,98.6,94.3,0.0,4.5,True,False
122795,720575940637568838,LB3,sensory,left,97.9,88.6,0.0,0.0,True,False
124291,720575940638202345,LB3,sensory,left,97.1,100.0,0.0,9.1,True,False
126600,720575940639198653,LB3,sensory,left,95.7,100.0,0.0,4.5,True,False
33909,720575940618165019,CB0700,motor,left,92.9,24.3,10.0,0.0,False,False
51107,720575940621754367,LB3,sensory,left,92.9,91.4,0.0,0.0,True,False
100978,720575940630868793,CB0700,motor,right,92.1,22.9,10.0,0.0,False,False
41254,720575940619973712,CB0118,central,left,90.7,72.9,1.0,9.1,False,False
75279,720575940626191306,CB0445,central,left,90.0,88.6,0.0,9.1,False,False
29281,720575940617000768,LB3,sensory,left,89.3,97.1,0.0,13.6,True,False
92115,720575940629146711,LB1c,sensory,left,87.9,175.7,0.0,22.7,True,False
92298,720575940629176663,LB3,sensory,left,87.1,90.0,0.0,13.6,True,False
137208,720575940652580086,CB0020,central,left,87.1,81.4,1.0,4.5,False,False
8842,720575940610259370,"LB1a,LB1d",sensory,left,87.1,174.3,0.0,4.5,True,False
129625,720575940640589171,DNge031,descending,left,85.7,55.7,3.0,0.0,False,False
90589,720575940628853239,LB3,sensory,left,85.7,87.1,0.0,4.5,True,False
95222,720575940629778554,MNx01,motor,right,85.7,20.0,8.0,0.0,False,False
109395,720575940632648612,CB0008,central,left,85.7,87.1,1.0,9.1,False,False
75720,720575940626287336,"LB1a,LB1d",sensory,left,84.3,168.6,0.0,27.3,True,False
97406,720575940630195909,"LB1a,LB1d",sensory,left,82.1,164.3,0.0,9.1,True,False
134614,720575940645743412,LB1c,sensory,left,81.4,162.9,0.0,22.7,True,False
20999,720575940614635175,CB0159,central,right,81.4,162.9,0.0,18.2,False,False
134999,720575940646212996,LB1b,sensory,left,81.4,162.9,0.0,9.1,True,False
44067,720575940620553094,CB0159,central,left,79.3,158.6,0.0,13.6,False,False
16201,720575940613061118,LB1c,sensory,left,77.9,155.7,0.0,9.1,True,False
83255,720575940627578156,LB1c,sensory,left,77.1,154.3,0.0,18.2,True,False
9255,720575940610481370,LB1c,sensory,left,77.1,154.3,0.0,9.1,True,False
51269,720575940621778381,LB1b,sensory,left,75.7,151.4,0.0,13.6,True,False
83832,720575940627692048,"LB1a,LB1d",sensory,left,75.7,151.4,0.0,18.2,True,False
19845,720575940614281266,LB1c,sensory,left,75.7,151.4,0.0,4.5,True,False
124039,720575940638103349,CB0499,central,left,75.0,71.4,2.0,4.5,False,False
21518,720575940614763666,CB0366,central,left,75.0,75.7,0.0,9.1,False,False
446,720575940604027168,"LB1a,LB1d",sensory,left,72.9,145.7,0.0,22.7,True,False
9258,720575940610483162,LB1b,sensory,left,71.4,142.9,0.0,9.1,True,False
38209,720575940619197093,LB1c,sensory,left,70.7,141.4,0.0,9.1,True,False
55,720575940602353632,LB1c,sensory,left,70.7,141.4,0.0,9.1,True,False
54260,720575940622298631,LB1c,sensory,left,69.3,138.6,0.0,18.2,True,False
29627,720575940617094208,"LB1a,LB1d",sensory,left,67.9,135.7,0.0,13.6,True,False
37530,720575940619028208,"LB1a,LB1d",sensory,left,66.4,132.9,0.0,13.6,True,False
46787,720575940621008895,"LB1a,LB1d",sensory,left,66.4,132.9,0.0,9.1,True,False
15635,720575940612906518,CB0480,central,right,65.7,60.0,1.0,4.5,False,False
45977,720575940620874757,CB0616,central,left,65.0,67.1,0.0,4.5,False,False
67186,720575940624600840,CB0219,central,left,65.0,121.4,1.0,13.6,False,False
89150,720575940628598121,CB4055,central,left,61.4,15.7,7.0,0.0,False,False
26115,720575940616103218,CB0062,central,left,60.0,60.0,0.0,4.5,False,False
126804,720575940639285949,CB0480,central,left,59.3,51.4,1.0,9.1,False,False
107061,720575940632118156,CB4055,central,right,59.3,14.3,7.0,0.0,False,False
89930,720575940628743752,MN10,motor,right,57.9,14.3,6.0,0.0,False,False
3959,720575940606866377,DNg103,descending,right,57.9,58.6,1.0,4.5,False,False
69593,720575940625045180,CB0910,central,right,57.9,12.9,7.0,0.0,False,False
25808,720575940616018956,CB0568,central,left,55.0,35.7,2.0,4.5,False,False
115694,720575940634645600,CB4055,central,left,54.3,12.9,6.0,0.0,False,False
8482,720575940610054980,CB0724,central,left,54.3,14.3,7.0,0.0,False,False
78626,720575940626835146,CB0277,central,left,52.9,44.3,3.0,4.5,False,False
111912,720575940633277209,CB0118,central,right,51.4,34.3,0.0,0.0,False,False
117657,720575940635360924,CB0708,motor,right,51.4,12.9,5.0,0.0,False,False
86342,720575940628114684,AN_GNG_68,ascending,left,48.6,50.0,0.0,4.5,False,False
73668,720575940625875504,?,central,right,48.6,7.1,6.0,0.0,False,False
119469,720575940636053678,CB0419,central,left,47.9,42.9,1.0,4.5,False,False
53184,720575940622116705,CB0070,central,left,47.9,51.4,1.0,4.5,False,False
73665,720575940625874992,CB0910,central,left,47.9,10.0,6.0,0.0,False,False
117156,720575940635179871,DNg103,descending,left,46.4,44.3,0.0,0.0,False,False
70286,720575940625175054,CB2403,central,left,45.7,25.7,3.0,0.0,False,False
103568,720575940631349335,CB0573,central,right,45.0,48.6,1.0,4.5,False,False
99945,720575940630683385,CB0801,central,right,44.3,7.1,5.0,0.0,False,False
42985,720575940620335269,CB0724,central,right,43.6,11.4,5.0,0.0,False,False
131580,720575940642428045,CB1093,central,left,42.1,28.6,2.0,0.0,False,False
133247,720575940644542880,DNge023,descending,left,41.4,35.7,1.0,4.5,False,False
59450,720575940623210445,AN_GNG_21,ascending,left,40.7,41.4,1.0,0.0,False,False
130674,720575940641366517,CB0008,central,right,40.7,41.4,0.0,4.5,False,False
57121,720575940622810153,MN10,motor,left,40.7,7.1,5.0,0.0,False,False
72790,720575940625705930,CB0484,central,left,40.0,34.3,0.0,0.0,False,False
137753,720575940655014049,AN_GNG_30,ascending,left,39.3,44.3,0.0,4.5,False,False
132645,720575940643867296,CB4058,central,center,39.3,15.7,4.0,0.0,False,False
99361,720575940630579574,CB0177,central,left,38.6,37.1,1.0,4.5,False,False
14917,720575940612692633,CB0799,central,left,38.6,24.3,2.0,0.0,False,False
89992,720575940628755815,CB0890,central,left,38.6,21.4,2.0,0.0,False,False
125064,720575940638557312,CB2355,central,left,37.9,75.7,0.0,4.5,False,False
14047,720575940612423922,CB0889,central,left,37.9,20.0,2.0,4.5,False,False
91221,720575940628972048,CB0542,central,left,37.1,40.0,0.0,4.5,False,False
138332,720575940660219265,CB0701,motor,right,37.1,0.0,1.0,0.0,False,True
35268,720575940618472261,CB0707,central,left,37.1,8.6,5.0,0.0,False,False
43697,720575940620481240,CB0408,central,right,37.1,35.7,1.0,0.0,False,False
31475,720575940617593233,CB0501,central,left,37.1,30.0,0.0,0.0,False,False
24594,720575940615671106,DNge059,descending,left,37.1,0.0,2.0,0.0,False,False
73625,720575940625867056,CB0573,central,left,36.4,40.0,0.0,4.5,False,False
42717,720575940620274085,CB0055,central,left,36.4,0.0,3.0,0.0,False,False
60250,720575940623352063,CB0911,motor,left,35.7,0.0,2.0,0.0,False,False
60416,720575940623381286,CB0254,central,left,35.0,70.0,0.0,9.1,False,False
53905,720575940622235425,CB0484,central,right,35.0,22.9,0.0,4.5,False,False
40815,720575940619877396,DNge059,descending,right,35.0,0.0,2.0,0.0,False,False
11600,720575940611548878,CB0801,central,left,34.3,5.7,4.0,0.0,False,False
106730,720575940632047890,CB0393,central,left,34.3,0.0,2.0,0.0,False,False
89606,720575940628683063,CB0099,central,left,33.6,67.1,1.0,9.1,False,False
78573,720575940626826288,CB0219,central,right,33.6,64.3,0.0,9.1,False,False
106485,720575940631997032,CB0038,central,left,32.9,22.9,2.0,0.0,False,False
69920,720575940625102692,CB0883,central,left,32.1,22.9,0.0,0.0,False,False
75691,720575940626279742,CB0604,central,left,31.4,44.3,0.0,0.0,False,False
69608,720575940625047484,CB0087,central,left,30.7,21.4,1.0,4.5,False,False
50072,720575940621586854,CB0762,motor,left,30.0,0.0,3.0,0.0,False,False
106088,720575940631918649,CB0055,central,right,30.0,0.0,2.0,0.0,False,False
114046,720575940633941293,CB0812,central,left,28.6,57.1,1.0,9.1,False,False
109721,720575940632722771,DNg31,descending,left,28.6,17.1,2.0,0.0,False,False
100960,720575940630865724,CB0871,motor,left,28.6,0.0,3.0,0.0,False,False
138335,720575940660223873,CB0247,central,left,28.6,8.6,3.0,0.0,False,False
111524,720575940633185567,CB0762,motor,left,27.9,0.0,3.0,0.0,False,False
34268,720575940618238523,CB0701,motor,left,27.9,1.4,3.0,0.0,False,False
106277,720575940631959097,DNge042,descending,left,26.4,1.4,1.0,0.0,False,False
41514,720575940620025620,MN10,motor,right,26.4,2.9,3.0,0.0,False,False
109178,720575940632602532,CB0246,central,left,24.3,5.7,2.0,0.0,False,False
106500,720575940631999080,MNx01,motor,right,24.3,2.9,3.0,0.0,False,False
100662,720575940630806267,ENS2,sensory,right,24.3,2.9,3.0,0.0,False,False
4477,720575940607272649,CB0553,central,right,24.3,1.4,1.0,0.0,False,False
4690,720575940607451081,DNge101,descending,left,23.6,21.4,1.0,0.0,False,False
41549,720575940620031366,CB0853,central,left,22.9,2.9,1.0,0.0,False,False
95389,720575940629810748,CB0871,motor,right,22.9,0.0,1.0,0.0,False,False
111697,720575940633218444,DNge023,descending,right,22.9,18.6,1.0,0.0,False,False
107572,720575940632252743,CB0493,central,left,22.9,0.0,1.0,0.0,False,False
59441,720575940623209165,CB0707,central,right,22.1,5.7,3.0,0.0,False,False
73599,720575940625861660,CB0740,central,left,22.1,12.9,0.0,0.0,False,False
123243,720575940637742150,CB0963,central,left,22.1,44.3,0.0,9.1,False,False
138339,720575940660229505,DNg31,descending,right,21.4,12.9,1.0,0.0,False,False
59455,720575940623211725,CB0553,central,left,21.4,0.0,1.0,0.0,False,False
35701,720575940618574749,DNg35,descending,left,21.4,11.4,2.0,0.0,False,False
31627,720575940617629841,CB0863,central,left,21.4,2.9,1.0,4.5,False,False
55609,720575940622537477,DNge067,descending,left,20.7,41.4,0.0,4.5,False,False
99836,720575940630667372,CB0449,central,left,20.7,8.6,2.0,4.5,False,False
66614,720575940624484796,DNge106,descending,left,20.7,0.0,2.0,0.0,False,False
59437,720575940623208141,CB0860,central,right,20.0,40.0,1.0,9.1,False,False
27383,720575940616466260,CB0832,central,right,20.0,0.0,1.0,0.0,False,False
136637,720575940649829241,DNge051,descending,right,20.0,7.1,1.0,4.5,False,False
107801,720575940632304711,MNx01,motor,right,19.3,2.9,2.0,0.0,False,False
44807,720575940620673985,CB0821,central,right,19.3,1.4,1.0,0.0,False,False
49025,720575940621399899,CB0821,central,left,19.3,0.0,1.0,0.0,False,False
47245,720575940621089741,CB2388,central,left,19.3,38.6,0.0,0.0,False,False
51547,720575940621818790,CB0211,central,left,19.3,38.6,0.0,4.5,False,False
133952,720575940645129672,AVLP445,central,left,19.3,38.6,0.0,4.5,False,False
16042,720575940613004402,ENS2,sensory,left,18.6,2.9,2.0,0.0,False,False
89422,720575940628648809,CB0832,central,left,18.6,0.0,2.0,0.0,False,False
83940,720575940627709956,CB0101,central,left,18.6,37.1,0.0,4.5,False,False
119737,720575940636165624,CB0708,motor,left,17.9,5.7,2.0,0.0,False,False
39185,720575940619473624,CB0559,central,left,17.9,12.9,2.0,0.0,False,False
103820,720575940631406411,CB0781,central,left,17.9,4.3,2.0,0.0,False,False
12910,720575940612036837,DNg96,descending,left,17.9,1.4,1.0,0.0,False,False
45484,720575940620780272,CB0559,central,right,17.1,11.4,1.0,0.0,False,False
127887,720575940639786915,CB0302,central,left,17.1,1.4,1.0,0.0,False,False
18204,720575940613687789,CB0449,central,right,17.1,5.7,1.0,4.5,False,False
113018,720575940633612698,CB0088,central,right,16.4,12.9,1.0,0.0,False,False
116741,720575940635055039,CB0615,central,left,16.4,0.0,1.0,0.0,False,False
9257,720575940610482883,CB3958,central,center,16.4,0.0,1.0,0.0,False,False
135908,720575940647518340,CB0460,central,left,16.4,0.0,2.0,0.0,False,False
137751,720575940655013025,CB3797,central,left,16.4,1.4,1.0,0.0,False,False
9645,720575940610677828,DNge051,descending,left,15.7,0.0,1.0,0.0,False,False
4353,720575940607193986,CB0845,motor,right,15.7,0.0,1.0,0.0,False,False
135583,720575940647033396,AN_GNG_PRW_2,ascending,left,15.7,12.9,0.0,0.0,False,False
101434,720575940630951424,CB0860,central,left,15.7,31.4,1.0,4.5,False,False
7420,720575940609407939,DNge080,descending,right,15.7,0.0,1.0,0.0,False,False
8391,720575940609993284,CB0331,central,left,15.7,7.1,1.0,0.0,False,False
128299,720575940639972816,ENS2,sensory,left,15.0,1.4,2.0,0.0,False,False
10680,720575940611160930,CB0890,central,right,15.0,7.1,0.0,0.0,False,False
117349,720575940635239672,CB0262,central,right,15.0,1.4,2.0,0.0,False,False
131603,720575940642449909,DNge125,descending,left,15.0,0.0,1.0,0.0,False,False
99821,720575940630665210,DNg28,descending,left,15.0,7.1,1.0,4.5,False,False
118220,720575940635578303,CB0855,central,left,14.3,0.0,2.0,0.0,False,False
51977,720575940621902085,AN_GNG_68,ascending,right,14.3,28.6,0.0,0.0,False,False
28757,720575940616864217,CB0839,central,left,14.3,0.0,1.0,0.0,False,False
76757,720575940626495746,CB0419,central,right,14.3,10.0,0.0,0.0,False,False
84763,720575940627847752,DNge080,descending,left,14.3,0.0,1.0,0.0,False,False
80293,720575940627099338,DNge062,descending,left,14.3,0.0,1.0,0.0,False,False
68709,720575940624897516,DNg105,descending,left,14.3,0.0,1.0,0.0,False,False
90454,720575940628826128,CB0858,motor,right,14.3,0.0,1.0,0.0,False,False
133372,720575940644653348,DNge031,descending,right,14.3,0.0,1.0,0.0,False,False
19388,720575940614128691,CB0437,central,left,13.6,7.1,0.0,0.0,False,False
31315,720575940617552057,CB0807,central,right,13.6,0.0,2.0,0.0,False,False
67293,720575940624623287,CB0847,central,left,13.6,1.4,1.0,0.0,False,False
70308,720575940625178768,CB0902,central,left,13.6,12.9,1.0,0.0,False,False
50597,720575940621667693,DNg28,descending,left,12.9,7.1,1.0,4.5,False,False
42220,720575940620170887,CB0246,central,right,12.9,1.4,1.0,0.0,False,False
100750,720575940630820919,CB0855,central,right,12.9,0.0,1.0,0.0,False,False
99817,720575940630664556,CB1366,central,left,12.9,11.4,1.0,0.0,False,False
80349,720575940627107271,ENS2,sensory,left,12.9,1.4,2.0,0.0,False,False
60858,720575940623453959,CB0030,central,left,12.9,0.0,1.0,0.0,False,False
66229,720575940624404872,DNpe007,descending,right,12.9,25.7,0.0,4.5,False,False
65323,720575940624253991,CB0963,central,left,12.9,25.7,0.0,4.5,False,False
10133,720575940610916465,AN_GNG_PRW_2,ascending,right,12.9,11.4,0.0,0.0,False,False
122819,720575940637578853,CB0863,central,right,12.9,1.4,0.0,0.0,False,False
72154,720575940625580988,CB0919,central,left,12.9,0.0,1.0,0.0,False,False
127069,720575940639425112,DNge007,descending,right,12.9,0.0,1.0,0.0,False,False
92947,720575940629317450,CB0583,central,left,12.9,25.7,1.0,9.1,False,False
92443,720575940629207963,CB0302,central,right,12.9,1.4,1.0,0.0,False,False
105237,720575940631703608,CB0872,central,left,12.1,2.9,1.0,0.0,False,False
114893,720575940634301852,CB0781,central,right,12.1,2.9,1.0,0.0,False,False
8252,720575940609915204,CB0807,central,left,12.1,0.0,1.0,0.0,False,False
88331,720575940628446010,CB0021,central,right,12.1,11.4,0.0,0.0,False,False
39904,720575940619671616,CB0897,central,left,12.1,0.0,2.0,0.0,False,False
2058,720575940605682790,ENS2,sensory,right,11.4,1.4,2.0,0.0,False,False
49771,720575940621538142,CB0833,central,left,11.4,0.0,2.0,0.0,False,False
9913,720575940610803554,CB0538,central,right,11.4,2.9,1.0,4.5,False,False
72940,720575940625737776,CB0788,central,left,11.4,0.0,1.0,0.0,False,False
23354,720575940615296818,CB0548,central,left,11.4,5.7,1.0,4.5,False,False
8401,720575940610000964,CB1093,central,right,11.4,1.4,1.0,0.0,False,False
1377,720575940605158572,AN_GNG_PRW_4,ascending,left,11.4,22.9,0.0,0.0,False,False
65417,720575940624273149,CB1974,central,left,11.4,22.9,0.0,4.5,False,False
28756,720575940616864086,CB0788,central,right,11.4,0.0,1.0,0.0,False,False
18900,720575940613943215,CB2403,central,right,10.7,1.4,1.0,0.0,False,False
17064,720575940613347299,DNge042,descending,right,10.7,0.0,0.0,0.0,False,False
15574,720575940612888178,CB0911,motor,right,10.7,0.0,1.0,0.0,False,False
6931,720575940609133269,CB0568,central,right,10.7,1.4,1.0,0.0,False,False
4622,720575940607386290,CB0473,central,left,10.7,11.4,0.0,0.0,False,False
108991,720575940632556831,AN_SLP_LH_1,ascending,left,10.7,21.4,0.0,4.5,False,False
48187,720575940621261296,CB0493,central,right,10.7,0.0,1.0,0.0,False,False
8840,720575940610258552,CB0603,central,left,10.7,0.0,1.0,0.0,False,False
76237,720575940626390018,CB2388,central,left,10.7,21.4,0.0,0.0,False,False
14485,720575940612558061,CB0740,central,right,10.0,0.0,1.0,0.0,False,False
82300,720575940627410451,CB0858,motor,left,10.0,0.0,0.0,0.0,False,False
103226,720575940631283267,DNge018,descending,right,10.0,0.0,2.0,0.0,False,False
135894,720575940647473796,SLP216,central,left,10.0,20.0,0.0,0.0,False,False
89577,720575940628676457,CB0892,central,left,10.0,1.4,1.0,0.0,False,False
43180,720575940620374693,CB0778,central,left,10.0,5.7,0.0,0.0,False,False
68763,720575940624906483,CB0791,central,right,10.0,0.0,1.0,0.0,False,False
130835,720575940641536987,SLP235,central,left,10.0,20.0,0.0,0.0,False,False
121314,720575940636895406,CB0262,central,left,10.0,0.0,1.0,0.0,False,False
100460,720575940630771449,CB0799,central,right,9.3,1.4,0.0,0.0,False,False
63947,720575940624023188,CB0824,central,left,9.3,0.0,1.0,0.0,False,False
77410,720575940626626597,CB0896,central,left,9.3,0.0,1.0,0.0,False,False
54568,720575940622348156,CB2385,central,left,9.3,5.7,1.0,4.5,False,False
85798,720575940628024107,CB3623,central,left,9.3,18.6,0.0,0.0,False,False
130780,720575940641480949,DNg16,descending,right,9.3,0.0,0.0,0.0,False,False
6365,720575940608735241,DNg38,descending,right,8.6,2.9,1.0,0.0,False,False
9507,720575940610611246,CB0208,central,right,8.6,1.4,2.0,0.0,False,False
75822,720575940626308697,CB0761,central,left,8.6,2.9,1.0,0.0,False,False
91350,720575940628997123,CB0762,motor,right,8.6,0.0,0.0,0.0,False,False
59358,720575940623192781,CB0889,central,right,8.6,4.3,1.0,0.0,False,False
94214,720575940629561347,CB0845,motor,right,8.6,0.0,0.0,0.0,False,False
90296,720575940628802069,CB0880,central,left,8.6,8.6,0.0,0.0,False,False
37888,720575940619114048,CB0824,central,right,8.6,0.0,0.0,0.0,False,False
99878,720575940630674038,CB0525,central,left,8.6,5.7,0.0,0.0,False,False
2007,720575940605658033,DNge125,descending,right,7.9,0.0,0.0,0.0,False,False
36190,720575940618696989,CB0964,central,left,7.9,7.1,0.0,0.0,False,False
6070,720575940608498780,CB0896,central,right,7.9,0.0,1.0,0.0,False,False
7413,720575940609405635,CB0538,central,left,7.9,1.4,0.0,0.0,False,False
69113,720575940624966840,CB0465,central,left,7.9,0.0,1.0,0.0,False,False
133845,720575940645047831,DNg16,descending,left,7.9,0.0,1.0,0.0,False,False
116058,720575940634788247,CB1097,central,left,7.9,15.7,0.0,0.0,False,False
10654,720575940611151406,CB0287,central,left,7.9,10.0,0.0,0.0,False,False
108071,720575940632365905,CB0051,central,left,7.9,0.0,0.0,0.0,False,False
96614,720575940630034231,CB0704,central,right,7.1,1.4,1.0,0.0,False,False
87978,720575940628386295,CB0153,central,left,7.1,14.3,0.0,4.5,False,False
21384,720575940614730914,DNg75,descending,left,7.1,0.0,2.0,0.0,False,False
15828,720575940612952557,CB0704,central,right,7.1,1.4,1.0,0.0,False,False
79616,720575940626993694,DNge007,descending,left,7.1,0.0,1.0,0.0,False,False
123354,720575940637788137,CB2355,central,right,7.1,14.3,0.0,0.0,False,False
121117,720575940636809646,CB0465,central,right,7.1,0.0,0.0,0.0,False,False
84569,720575940627812168,DNg47,descending,left,7.1,7.1,0.0,0.0,False,False
11303,720575940611436408,CB0791,central,left,7.1,0.0,1.0,0.0,False,False
43642,720575940620473547,DNge098,descending,left,7.1,4.3,0.0,0.0,False,False
110668,720575940632936332,CB0561,central,left,7.1,0.0,1.0,0.0,False,False
3498,720575940606607234,DNge040,descending,right,7.1,0.0,0.0,0.0,False,False
135576,720575940647029044,DNg105,descending,right,6.4,0.0,1.0,0.0,False,False
18141,720575940613670893,CB0413,central,left,6.4,1.4,1.0,0.0,False,False
98888,720575940630488540,CB0866,central,right,6.4,1.4,1.0,0.0,False,False
51263,720575940621777390,CB0030,central,right,6.4,0.0,1.0,0.0,False,False
18857,720575940613929391,DNg38,descending,left,6.4,0.0,1.0,0.0,False,False
102292,720575940631108303,CB0867,central,left,6.4,0.0,1.0,0.0,False,False
49984,720575940621573030,CB0847,central,right,6.4,0.0,1.0,0.0,False,False
22174,720575940614965691,CB0722,central,left,6.4,12.9,1.0,4.5,False,False
117254,720575940635210859,DNpe007,descending,left,6.4,12.9,0.0,0.0,False,False
80204,720575940627086594,CB0035,central,left,6.4,0.0,1.0,0.0,False,False
13607,720575940612289010,CB0212,central,left,6.4,2.9,1.0,0.0,False,False
101593,720575940630980559,DNg28,descending,right,5.7,1.4,0.0,0.0,False,False
101321,720575940630931999,PS279,central,right,5.7,0.0,2.0,0.0,False,False
91364,720575940629000783,CB0416,central,left,5.7,0.0,0.0,0.0,False,False
126599,720575940639198397,CB0072,central,left,5.7,0.0,1.0,0.0,False,False
84372,720575940627779983,CB0603,central,right,5.7,0.0,0.0,0.0,False,False
135578,720575940647030324,CB0038,central,right,5.7,1.4,0.0,0.0,False,False
8798,720575940610232274,CB0110,central,left,5.0,0.0,0.0,0.0,False,False
74842,720575940626094350,CB0762,motor,right,5.0,0.0,0.0,0.0,False,False
111577,720575940633195148,CB0836,motor,left,5.0,1.4,0.0,0.0,False,False
45081,720575940620714150,DNge046,descending,right,5.0,0.0,1.0,0.0,False,False
10689,720575940611164770,CB0226,central,right,5.0,1.4,0.0,0.0,False,False
8297,720575940609939780,CB0087,central,right,5.0,1.4,0.0,0.0,False,False
39123,720575940619453831,CB0722,central,left,5.0,10.0,0.0,0.0,False,False
35770,720575940618594022,DNp42,descending,left,5.0,10.0,1.0,4.5,False,False
102610,720575940631168057,DNg60,descending,left,5.0,2.9,0.0,0.0,False,False
38145,720575940619173534,CB0919,central,right,5.0,0.0,0.0,0.0,False,False
112057,720575940633316563,CB0226,central,left,5.0,2.9,0.0,0.0,False,False
20325,720575940614418794,AN_GNG_70,ascending,left,5.0,10.0,0.0,0.0,False,False
76624,720575940626468178,CB0176,central,right,4.3,0.0,0.0,0.0,False,False
79646,720575940626999464,CB0704,central,left,4.3,0.0,1.0,0.0,False,False
49258,720575940621442124,CB0101,central,right,4.3,8.6,0.0,0.0,False,False
95360,720575940629804158,CB0827,central,left,4.3,0.0,1.0,0.0,False,False
51221,720575940621771041,CB0438,central,left,4.3,2.9,0.0,0.0,False,False
39548,720575940619588568,CB0964,central,left,4.3,4.3,0.0,0.0,False,False
52605,720575940622027222,DNge046,descending,right,4.3,0.0,1.0,0.0,False,False
10213,720575940610956334,CL114,central,left,4.3,8.6,0.0,0.0,False,False
107201,720575940632159519,CB0561,central,right,4.3,0.0,0.0,0.0,False,False
49147,720575940621422518,CB0460,central,right,4.3,0.0,0.0,0.0,False,False
103521,720575940631340815,CB3892b,central,center,4.3,0.0,1.0,0.0,False,False
13391,720575940612208858,CB0792,central,right,4.3,4.3,0.0,0.0,False,False
116149,720575940634825623,CB0848,central,left,4.3,0.0,0.0,0.0,False,False
79471,720575940626972056,CB0070,central,right,3.6,5.7,0.0,0.0,False,False
58597,720575940623072013,LT37,visual_centrifugal,right,3.6,0.0,0.0,0.0,False,False
121841,720575940637144944,CB0190,central,left,3.6,0.0,0.0,0.0,False,False
130887,720575940641585627,CB0671,central,left,3.6,0.0,1.0,0.0,False,False
56016,720575940622624214,CB0434,central,left,3.6,0.0,0.0,0.0,False,False
93460,720575940629421415,CB0778,central,right,3.6,1.4,0.0,0.0,False,False
31058,720575940617488477,CB0853,central,right,3.6,0.0,0.0,0.0,False,False
61000,720575940623478115,CB0009,central,left,3.6,0.0,0.0,0.0,False,False
47052,720575940621057702,CB0865,central,left,3.6,0.0,0.0,0.0,False,False
118578,720575940635696279,CB0704,central,left,3.6,0.0,1.0,0.0,False,False
13840,720575940612357618,CB0393,central,right,3.6,0.0,1.0,0.0,False,False
47604,720575940621148948,cL20,visual_centrifugal,right,3.6,0.0,0.0,0.0,False,False
45970,720575940620873793,CB0574,central,right,3.6,0.0,0.0,0.0,False,False
42662,720575940620262465,CB0812,central,right,3.6,7.1,0.0,4.5,False,False
22452,720575940615052812,CB0078,central,left,3.6,0.0,0.0,0.0,False,False
49406,720575940621468404,CB0045,central,right,2.9,0.0,1.0,0.0,False,False
15166,720575940612766515,PS279,central,right,2.9,0.0,1.0,0.0,False,False
111258,720575940633116256,PS172,central,left,2.9,0.0,1.0,0.0,False,False
102663,720575940631179831,CB0892,central,right,2.9,1.4,0.0,0.0,False,False
84658,720575940627827697,DNge067,descending,right,2.9,5.7,0.0,4.5,False,False
75726,720575940626289021,CB0865,central,left,2.9,0.0,0.0,0.0,False,False
123999,720575940638088262,PS116,central,right,2.9,0.0,1.0,0.0,False,False
122330,720575940637360730,CB3813,central,right,2.9,0.0,1.0,0.0,False,False
9278,720575940610491694,SMP389b,central,left,2.9,5.7,0.0,0.0,False,False
4963,720575940607689394,cL22a,visual_centrifugal,left,2.9,0.0,0.0,0.0,False,False
114650,720575940634210155,CB0177,central,right,2.9,1.4,0.0,0.0,False,False
133765,720575940644968215,CB0202,central,right,2.9,0.0,0.0,0.0,False,False
132100,720575940643112333,CB0676,central,right,2.9,0.0,1.0,0.0,False,False
111968,720575940633293025,DNge065,descending,left,2.9,0.0,1.0,0.0,False,False
22351,720575940615023535,DNge062,descending,right,2.9,0.0,0.0,0.0,False,False
97917,720575940630291767,DNge046,descending,left,2.9,0.0,0.0,0.0,False,False
93650,720575940629459718,PS051,central,right,2.9,0.0,1.0,0.0,False,False
95621,720575940629855787,cL22a,visual_centrifugal,right,2.9,0.0,0.0,0.0,False,False
109339,720575940632636959,CB0895,central,left,2.9,5.7,0.0,0.0,False,False
133525,720575940644758308,DNge046,descending,left,2.9,0.0,1.0,0.0,False,False
23353,720575940615296766,PS279,central,right,2.9,0.0,1.0,0.0,False,False
24441,720575940615623867,CB0182,central,left,2.9,0.0,0.0,0.0,False,False
1811,720575940605513649,DNg90,descending,right,2.9,0.0,1.0,0.0,False,False
72418,720575940625641402,DNge018,descending,left,2.9,0.0,1.0,0.0,False,False
117255,720575940635211115,CB0865,central,right,2.1,0.0,0.0,0.0,False,False
3938,720575940606852018,CB0358,central,left,2.1,0.0,1.0,0.0,False,False
123544,720575940637870510,DNge121,descending,left,2.1,4.3,0.0,0.0,False,False
118933,720575940635837887,CB0204,central,left,2.1,2.9,0.0,4.5,False,False
8797,720575940610231509,DNg90,descending,left,2.1,0.0,1.0,0.0,False,False
9522,720575940610621026,CB0671,central,right,2.1,0.0,0.0,0.0,False,False
53423,720575940622154266,CB2619,central,left,2.1,4.3,0.0,0.0,False,False
76163,720575940626375164,DMS,endocrine,left,2.1,4.3,0.0,0.0,False,False
137750,720575940655011489,CB0233,central,left,2.1,0.0,0.0,0.0,False,False
58997,720575940623137818,CB0836,motor,right,2.1,0.0,0.0,0.0,False,False
131471,720575940642335373,CB0444,central,left,2.1,4.3,0.0,0.0,False,False
118938,720575940635839077,CB0436,central,left,2.1,0.0,0.0,0.0,False,False
112271,720575940633373651,CB0885,central,right,2.1,0.0,0.0,0.0,False,False
14415,720575940612537061,CB0358,central,right,2.1,0.0,1.0,0.0,False,False
14227,720575940612479205,CB0225,central,left,2.1,2.9,0.0,0.0,False,False
112031,720575940633308371,PS100,central,left,2.1,0.0,1.0,0.0,False,False
43649,720575940620474278,CB0865,central,right,2.1,0.0,0.0,0.0,False,False
22854,720575940615153494,CB0416,central,right,2.1,0.0,0.0,0.0,False,False
91358,720575940628998659,CB0789,motor,left,2.1,0.0,1.0,0.0,False,False
70232,720575940625164558,CB0604,central,right,2.1,4.3,0.0,0.0,False,False
21091,720575940614660519,CB0461,central,right,2.1,0.0,0.0,0.0,False,False
86065,720575940628070419,CB0331,central,right,2.1,0.0,0.0,0.0,False,False
65664,720575940624310857,CB0117,central,right,2.1,0.0,0.0,0.0,False,False
51643,720575940621835174,CB0202,central,left,2.1,0.0,0.0,0.0,False,False
107125,720575940632134227,CB3813,central,left,2.1,0.0,0.0,0.0,False,False
105286,720575940631714119,CB0698,central,right,2.1,1.4,0.0,0.0,False,False
43049,720575940620346673,CB0267,central,right,2.1,0.0,0.0,0.0,False,False
51002,720575940621736669,CB0583,central,right,2.1,4.3,0.0,0.0,False,False
95396,720575940629812346,DNde002,descending,left,2.1,2.9,0.0,4.5,False,False
92585,720575940629239934,CB0005,central,left,2.1,0.0,1.0,0.0,False,False
25084,720575940615811670,CB0247,central,right,2.1,0.0,0.0,0.0,False,False
24757,720575940615715003,DNg96,descending,right,2.1,0.0,0.0,0.0,False,False
21989,720575940614909506,DNge123,descending,right,2.1,0.0,0.0,0.0,False,False
115981,720575940634756203,CB0072,central,right,1.4,0.0,0.0,0.0,False,False
134185,720575940645352814,DNge040,descending,left,1.4,0.0,1.0,0.0,False,False
11604,720575940611549902,CB0881,central,left,1.4,0.0,0.0,0.0,False,False
11131,720575940611366058,CB2065,central,left,1.4,0.0,0.0,0.0,False,False
45602,720575940620805046,CB3797,central,right,1.4,0.0,0.0,0.0,False,False
18357,720575940613743569,CB0494,central,left,1.4,0.0,1.0,0.0,False,False
21409,720575940614736290,CB0250,central,left,1.4,2.9,0.0,0.0,False,False
90385,720575940628815381,?,central,left,1.4,0.0,0.0,0.0,False,False
42700,720575940620271636,CB0362,central,right,1.4,0.0,0.0,0.0,False,False
75686,720575940626278974,CB0494,central,right,1.4,1.4,0.0,0.0,False,False
136476,720575940648864633,CB0110,central,right,1.4,0.0,0.0,0.0,False,False
55678,720575940622552675,CB0009,central,right,1.4,0.0,0.0,0.0,False,False
80186,720575940627083294,CB0473,central,right,1.4,2.9,0.0,0.0,False,False
100016,720575940630695798,DNge060,descending,left,1.4,0.0,0.0,0.0,False,False
105062,720575940631662648,DNge106,descending,right,1.4,0.0,0.0,0.0,False,False
36318,720575940618726171,CB0067,central,left,1.4,0.0,0.0,0.0,False,False
42781,720575940620292116,CB0866,central,left,1.4,0.0,0.0,0.0,False,False
59124,720575940623154712,CB0211,central,right,0.7,1.4,0.0,0.0,False,False
55628,720575940622541005,Z_vPNml1,central,left,0.7,1.4,0.0,0.0,False,False
84662,720575940627828296,CB0885,central,left,0.7,0.0,0.0,0.0,False,False
83905,720575940627704392,CB0370,central,right,0.7,0.0,0.0,0.0,False,False
9504,720575940610609454,CB3623,central,right,0.7,1.4,0.0,0.0,False,False
117103,720575940635166571,DNg60,descending,right,0.7,0.0,0.0,0.0,False,False
123034,720575940637656286,CB0811,central,right,0.7,0.0,0.0,0.0,False,False
6189,720575940608601355,AN_SLP_LH_1,ascending,right,0.7,1.4,0.0,0.0,False,False
81725,720575940627312668,CB1366,central,right,0.7,1.4,0.0,0.0,False,False
78801,720575940626860421,CB0733,central,left,0.7,0.0,0.0,0.0,False,False
138334,720575940660220289,DNge143,descending,left,0.7,0.0,0.0,0.0,False,False
121152,720575940636828334,CB0467,central,left,0.7,0.0,0.0,0.0,False,False
134358,720575940645527918,CB0914,motor,right,0.7,1.4,0.0,0.0,False,False
31094,720575940617494877,CB0811,central,right,0.7,0.0,0.0,0.0,False,False
24296,720575940615582111,CB2191,central,left,0.7,0.0,0.0,0.0,False,False
86426,720575940628129129,CB0213,central,left,0.7,0.0,0.0,0.0,False,False
70970,720575940625339981,CB0498,central,right,0.7,1.4,0.0,0.0,False,False
63692,720575940623986364,CB3623,central,left,0.7,1.4,0.0,0.0,False,False
42800,720575940620297819,DNge123,descending,left,0.7,0.0,0.0,0.0,False,False
110751,720575940632962786,DNa16,descending,left,0.7,0.0,0.0,0.0,False,False
10355,720575940611015122,CB0192,central,right,0.7,1.4,0.0,0.0,False,False
133843,720575940645045527,DNge174,descending,left,0.7,1.4,0.0,0.0,False,False
106477,720575940631994728,CB0721,central,left,0.7,0.0,0.0,0.0,False,False
49678,720575940621519130,DNa16,descending,right,0.7,0.0,0.0,0.0,False,False
12790,720575940611988197,CB0117,central,left,0.7,0.0,0.0,0.0,False,False
115193,720575940634428058,DNge043,descending,right,0.7,0.0,1.0,0.0,False,False
14630,720575940612603289,DNg75,descending,right,0.7,0.0,0.0,0.0,False,False
64769,720575940624163303,CB3916,central,center,0.0,0.0,1.0,0.0,False,False
