model_index,root_id,cell_type,super_class,side,hz_LC4,hz_outside,hz_final_200ms,driven,is_readout
1133,720575940604954289,DNp04,descending,left,298.6,1.4,0.0,False,False
40093,720575940619709972,PVLP024,central,left,290.0,2.9,0.0,False,False
95123,720575940629757036,DNp04,descending,right,258.6,0.0,0.0,False,False
136180,720575940647966260,PVLP024,central,left,252.9,1.4,0.0,False,False
24150,720575940615528678,PVLP024,central,right,241.4,1.4,0.0,False,False
108148,720575940632381536,PVLP024,central,right,235.7,1.4,0.0,False,False
64467,720575940624111763,LC4,visual_projection,left,234.3,0.0,0.0,True,False
89200,720575940628606713,LC4,visual_projection,right,234.3,0.0,0.0,True,False
118928,720575940635835967,LC4,visual_projection,right,231.4,0.0,0.0,True,False
88424,720575940628462340,LC4,visual_projection,left,230.0,0.0,0.0,True,False
23130,720575940615232217,LC4,visual_projection,right,228.6,0.0,0.0,True,False
136520,720575940649229433,LC4,visual_projection,left,228.6,0.0,0.0,True,False
13067,720575940612093351,LC4,visual_projection,right,225.7,0.0,0.0,True,False
124829,720575940638456227,LC4,visual_projection,left,225.7,0.0,0.0,True,False
39826,720575940619654053,DNp02,descending,left,225.7,1.4,0.0,False,False
63536,720575940623957173,PVLP010,central,left,222.9,1.4,0.0,False,False
41678,720575940620054694,DNp11,descending,left,222.9,1.4,0.0,False,False
15883,720575940612968421,LC4,visual_projection,right,222.9,0.0,0.0,True,False
36093,720575940618676440,LC4,visual_projection,left,222.9,0.0,0.0,True,False
9350,720575940610522009,LC4,visual_projection,left,221.4,0.0,0.0,True,False
264,720575940603637438,LC4,visual_projection,right,221.4,0.0,0.0,True,False
37128,720575940618932763,PVLP010,central,right,221.4,1.4,0.0,False,False
29383,720575940617026260,LC4,visual_projection,left,220.0,0.0,0.0,True,False
112907,720575940633580384,LC4,visual_projection,left,220.0,0.0,0.0,True,False
88373,720575940628454522,LC4,visual_projection,left,220.0,0.0,0.0,True,False
121451,720575940636957006,LC4,visual_projection,right,218.6,0.0,0.0,True,False
97190,720575940630154660,LC4,visual_projection,right,215.7,0.0,0.0,True,False
22455,720575940615053580,LC4,visual_projection,left,215.7,0.0,0.0,True,False
22002,720575940614914107,LC4,visual_projection,left,214.3,0.0,0.0,True,False
101707,720575940630998339,LC4,visual_projection,left,214.3,0.0,0.0,True,False
68119,720575940624790781,LC4,visual_projection,right,212.9,0.0,0.0,True,False
28213,720575940616713355,LC4,visual_projection,left,212.9,0.0,0.0,True,False
34603,720575940618312606,LC4,visual_projection,left,212.9,0.0,0.0,True,False
34246,720575940618234715,LC4,visual_projection,right,211.4,0.0,0.0,True,False
18045,720575940613638041,LC4,visual_projection,right,211.4,0.0,0.0,True,False
43978,720575940620537153,CB3885,central,center,211.4,2.9,0.0,False,False
14345,720575940612518055,LC4,visual_projection,left,210.0,0.0,0.0,True,False
34409,720575940618267227,LC4,visual_projection,right,210.0,0.0,0.0,True,False
24281,720575940615575007,LC4,visual_projection,left,208.6,0.0,0.0,True,False
129665,720575940640612480,LC4,visual_projection,left,208.6,0.0,0.0,True,False
77298,720575940626605200,LC4,visual_projection,left,208.6,0.0,0.0,True,False
130519,720575940641213824,LC4,visual_projection,right,208.6,0.0,0.0,True,False
73977,720575940625934973,LC4,visual_projection,left,208.6,0.0,0.0,True,False
73846,720575940625906702,LC4,visual_projection,right,208.6,0.0,0.0,True,False
108651,720575940632475449,LC4,visual_projection,right,207.1,0.0,0.0,True,False
98862,720575940630484495,LC4,visual_projection,left,207.1,0.0,0.0,True,False
90786,720575940628891863,LC4,visual_projection,right,207.1,0.0,0.0,True,False
89699,720575940628699560,LC4,visual_projection,left,207.1,0.0,0.0,True,False
34245,720575940618234704,LC4,visual_projection,right,207.1,0.0,0.0,True,False
47583,720575940621145821,LC4,visual_projection,right,207.1,0.0,0.0,True,False
43619,720575940620468718,DNp02,descending,right,207.1,0.0,0.0,False,False
57783,720575940622939836,LC4,visual_projection,left,207.1,0.0,0.0,True,False
46146,720575940620903551,LC4,visual_projection,left,205.7,0.0,0.0,True,False
73964,720575940625932421,LC4,visual_projection,right,205.7,0.0,0.0,True,False
34445,720575940618275520,LC4,visual_projection,right,205.7,0.0,0.0,True,False
137218,720575940652611745,LC4,visual_projection,right,204.3,0.0,0.0,True,False
14563,720575940612580977,LC4,visual_projection,left,202.9,0.0,0.0,True,False
127954,720575940639817947,LC4,visual_projection,right,202.9,0.0,0.0,True,False
115387,720575940634517856,LC4,visual_projection,left,202.9,0.0,0.0,True,False
100901,720575940630851036,LC4,visual_projection,left,201.4,0.0,0.0,True,False
86033,720575940628064260,LC4,visual_projection,left,201.4,0.0,0.0,True,False
89165,720575940628599895,LC4,visual_projection,right,201.4,0.0,0.0,True,False
30533,720575940617348379,LC4,visual_projection,right,201.4,0.0,0.0,True,False
20770,720575940614572742,LC4,visual_projection,left,201.4,0.0,0.0,True,False
25985,720575940616066705,LC4,visual_projection,right,200.0,0.0,0.0,True,False
134682,720575940645821316,LC4,visual_projection,right,200.0,0.0,0.0,True,False
22751,720575940615127227,LC4,visual_projection,left,200.0,0.0,0.0,True,False
5536,720575940608120587,PVLP122b,central,left,200.0,1.4,0.0,False,False
49698,720575940621522458,LC4,visual_projection,right,198.6,0.0,0.0,True,False
34402,720575940618266459,LC4,visual_projection,right,197.1,0.0,0.0,True,False
54455,720575940622330582,LC4,visual_projection,right,197.1,0.0,0.0,True,False
63894,720575940624017251,LC4,visual_projection,left,197.1,0.0,0.0,True,False
29887,720575940617176321,LC4,visual_projection,left,195.7,0.0,0.0,True,False
124935,720575940638496720,LC4,visual_projection,left,195.7,0.0,0.0,True,False
77411,720575940626626895,LC4,visual_projection,left,195.7,0.0,0.0,True,False
42886,720575940620314612,LC4,visual_projection,right,194.3,0.0,0.0,True,False
88693,720575940628518400,LC4,visual_projection,right,194.3,0.0,0.0,True,False
12822,720575940612001489,AMMC-A1,central,left,194.3,1.4,0.0,False,False
1911,720575940605598892,LC4,visual_projection,left,194.3,0.0,0.0,True,False
10627,720575940611134833,LC4,visual_projection,left,194.3,0.0,0.0,True,False
36646,720575940618807105,LC4,visual_projection,left,192.9,0.0,0.0,True,False
17935,720575940613609484,LC4,visual_projection,right,192.9,0.0,0.0,True,False
38907,720575940619397542,LC4,visual_projection,left,192.9,0.0,0.0,True,False
16836,720575940613260959,LC4,visual_projection,left,191.4,0.0,0.0,True,False
16821,720575940613256863,LC4,visual_projection,left,191.4,0.0,0.0,True,False
109955,720575940632769180,LC4,visual_projection,left,191.4,0.0,0.0,True,False
30208,720575940617266722,LC4,visual_projection,left,190.0,0.0,0.0,True,False
95107,720575940629753807,LC4,visual_projection,left,190.0,0.0,0.0,True,False
11082,720575940611347123,PVLP130,central,left,190.0,0.0,0.0,False,False
77031,720575940626553596,LC4,visual_projection,right,188.6,0.0,0.0,True,False
36239,720575940618709158,LC4,visual_projection,right,188.6,0.0,0.0,True,False
13909,720575940612380723,LC4,visual_projection,right,187.1,0.0,0.0,True,False
13728,720575940612323025,LC4,visual_projection,right,187.1,0.0,0.0,True,False
42880,720575940620314221,LC4,visual_projection,right,185.7,0.0,0.0,True,False
73496,720575940625841351,LC4,visual_projection,right,184.3,0.0,0.0,True,False
14284,720575940612498129,LC4,visual_projection,right,184.3,0.0,0.0,True,False
55583,720575940622531767,LC4,visual_projection,left,184.3,0.0,0.0,True,False
74288,720575940625991043,LC4,visual_projection,left,184.3,0.0,0.0,True,False
69551,720575940625038090,LC4,visual_projection,left,184.3,0.0,0.0,True,False
26863,720575940616313942,AMMC-A1,central,left,184.3,1.4,0.0,False,False
111699,720575940633218863,LC4,visual_projection,right,182.9,0.0,0.0,True,False
45196,720575940620731380,LC4,visual_projection,right,182.9,0.0,0.0,True,False
96243,720575940629964591,LC4,visual_projection,right,182.9,0.0,0.0,True,False
47110,720575940621067204,PVLP021,central,left,181.4,1.4,0.0,False,False
73522,720575940625845447,LC4,visual_projection,right,181.4,0.0,0.0,True,False
68461,720575940624856762,LC4,visual_projection,right,181.4,0.0,0.0,True,False
103513,720575940631338271,LC4,visual_projection,left,181.4,0.0,0.0,True,False
51100,720575940621753579,LC4,visual_projection,right,177.1,0.0,0.0,True,False
110942,720575940633013355,LC4,visual_projection,right,177.1,0.0,0.0,True,False
82937,720575940627519107,LC4,visual_projection,left,177.1,0.0,0.0,True,False
45558,720575940620795728,LC4,visual_projection,left,177.1,0.0,0.0,True,False
13372,720575940612203482,DNp05,descending,left,174.3,0.0,0.0,False,False
92373,720575940629192975,PVLP021,central,right,174.3,1.4,0.0,False,False
33149,720575940618002644,LC4,visual_projection,left,172.9,0.0,0.0,True,False
88184,720575940628419527,LC4,visual_projection,right,172.9,0.0,0.0,True,False
20810,720575940614582946,LC4,visual_projection,right,171.4,0.0,0.0,True,False
54514,720575940622339113,PVLP130,central,right,170.0,1.4,0.0,False,False
48805,720575940621365236,PVLP021,central,left,170.0,1.4,0.0,False,False
109680,720575940632715234,LC4,visual_projection,right,170.0,0.0,0.0,True,False
36310,720575940618723749,LC4,visual_projection,left,167.1,0.0,0.0,True,False
53122,720575940622108001,LC4,visual_projection,left,165.7,0.0,0.0,True,False
23927,720575940615462587,LC4,visual_projection,left,162.9,0.0,0.0,True,False
86146,720575940628081541,LC4,visual_projection,left,162.9,0.0,0.0,True,False
79150,720575940626916936,LC4,visual_projection,left,162.9,0.0,0.0,True,False
102771,720575940631200327,AMMC-A1,central,right,161.4,0.0,0.0,False,False
101892,720575940631032657,LC4,visual_projection,right,160.0,0.0,0.0,True,False
30883,720575940617442561,WED116,central,left,157.1,1.4,0.0,False,False
74399,720575940626009852,DNp05,descending,right,154.3,2.9,0.0,False,False
108748,720575940632499757,DNp01,descending,right,144.3,0.0,0.0,False,True
53346,720575940622140481,LTe18,visual_projection,left,142.9,1.4,0.0,False,False
57246,720575940622838154,DNp01,descending,left,141.4,1.4,0.0,False,False
94420,720575940629602871,PVLP122b,central,left,141.4,1.4,0.0,False,False
19964,720575940614311746,LTe18,visual_projection,right,141.4,1.4,0.0,False,False
105191,720575940631693610,AMMC-A1,central,right,138.6,0.0,0.0,False,False
10517,720575940611091012,CB3513b,central,left,138.6,1.4,0.0,False,False
38194,720575940619191966,DNge119,descending,right,137.1,1.4,0.0,False,False
42233,720575940620173737,PVLP022,central,left,137.1,0.0,0.0,False,False
130068,720575940640834211,PVLP011,central,left,135.7,1.4,0.0,False,False
130248,720575940640926627,CB3513a,central,left,134.3,1.4,0.0,False,False
83585,720575940627645514,DNp03,descending,left,134.3,0.0,0.0,False,False
115035,720575940634356587,LT82a,visual_projection,right,132.9,1.4,0.0,False,False
9496,720575940610605614,DNge119,descending,left,127.1,1.4,0.0,False,False
7712,720575940609600523,LT60,visual_projection,left,127.1,1.4,0.0,False,False
78311,720575940626783065,AVLP016,central,left,127.1,2.9,0.0,False,False
21291,720575940614710509,cML01,visual_centrifugal,right,124.3,0.0,0.0,False,False
95216,720575940629777018,DNp11,descending,right,124.3,1.4,0.0,False,False
70370,720575940625194558,CB3513a,central,right,122.9,1.4,0.0,False,False
116843,720575940635089945,cML01,visual_centrifugal,left,118.6,1.4,0.0,False,False
65188,720575940624231143,CB3887,central,center,111.4,1.4,0.0,False,False
75519,720575940626243614,WED116,central,right,110.0,0.0,0.0,False,False
116142,720575940634823449,PVLP021,central,right,110.0,0.0,0.0,False,False
71057,720575940625357547,LT56,visual_centrifugal,left,108.6,0.0,0.0,False,False
125852,720575940638900713,PVLP011,central,right,105.7,0.0,0.0,False,False
39606,720575940619601488,PVLP122b,central,right,104.3,1.4,0.0,False,False
69626,720575940625049781,cL21,visual_centrifugal,left,102.9,0.0,0.0,False,False
10493,720575940611085274,LT60,visual_projection,right,101.4,0.0,0.0,False,False
11744,720575940611602552,PVLP122b,central,right,100.0,0.0,0.0,False,False
23668,720575940615391638,LT82b,visual_projection,left,100.0,1.4,0.0,False,False
35471,720575940618522433,AMMC-A1,central,right,100.0,0.0,0.0,False,False
37020,720575940618902488,LT82a,visual_projection,left,98.6,0.0,0.0,False,False
50424,720575940621640363,AVLP076,central,left,98.6,1.4,0.0,False,False
2860,720575940606149321,AVLP076,central,right,97.1,1.4,0.0,False,False
39054,720575940619435655,CB3201,central,left,94.3,0.0,0.0,False,False
54428,720575940622324991,PVLP141,central,left,94.3,0.0,0.0,False,False
5565,720575940608144732,CB0677,central,right,94.3,1.4,0.0,False,False
15120,720575940612752611,LT82b,visual_projection,right,94.3,0.0,0.0,False,False
137072,720575940651833078,CB2917,central,left,92.9,1.4,0.0,False,False
49145,720575940621422319,CB2712,central,left,90.0,0.0,0.0,False,False
35141,720575940618444473,cL21,visual_centrifugal,left,87.1,0.0,0.0,False,False
36339,720575940618731284,CB2591,central,left,85.7,0.0,0.0,False,False
100474,720575940630773560,PVLP014,central,left,85.7,0.0,0.0,False,False
10695,720575940611167842,CB0862,central,left,85.7,1.4,0.0,False,False
65402,720575940624269706,AVLP151,central,left,84.3,0.0,0.0,False,False
135605,720575940647061556,CB3925,central,center,82.9,0.0,0.0,False,False
42155,720575940620156209,CB0862,central,right,81.4,1.4,0.0,False,False
20921,720575940614614495,LT61b,visual_projection,right,81.4,0.0,0.0,False,False
9792,720575940610739918,LT82b,visual_projection,left,80.0,0.0,0.0,False,False
74593,720575940626044942,OA-AL2b2,visual_centrifugal,right,80.0,0.0,0.0,False,False
44087,720575940620556966,CB3923,central,center,80.0,0.0,0.0,False,False
77984,720575940626726458,CB3925,central,center,80.0,0.0,0.0,False,False
43207,720575940620381575,CL323b,central,left,78.6,0.0,0.0,False,False
103433,720575940631319311,CB0430,central,right,77.1,1.4,0.0,False,False
134244,720575940645404695,AVLP430,central,left,77.1,1.4,0.0,False,False
115491,720575940634571383,CB3914,central,center,74.3,0.0,0.0,False,False
5854,720575940608336514,AVLP536,central,right,74.3,0.0,0.0,False,False
99695,720575940630643275,PVLP014,central,right,72.9,0.0,0.0,False,False
87693,720575940628346634,cM14,visual_centrifugal,right,72.9,0.0,0.0,False,False
24926,720575940615757162,PLP012,central,left,71.4,1.4,0.0,False,False
577,720575940604285356,CB3513b,central,right,71.4,0.0,0.0,False,False
74562,720575940626039996,Pm14,optic,left,71.4,1.4,0.0,False,False
58597,720575940623072013,LT37,visual_centrifugal,right,71.4,1.4,0.0,False,False
123699,720575940637952624,LMa2,optic,right,71.4,0.0,0.0,False,False
5054,720575940607774044,PLP012,central,right,71.4,0.0,0.0,False,False
14979,720575940612710883,CB0563,central,left,70.0,1.4,0.0,False,False
5491,720575940608083780,CL323a,central,right,70.0,0.0,0.0,False,False
69288,720575940624996894,CB2591,central,right,70.0,0.0,0.0,False,False
68400,720575940624846517,WED125,central,left,70.0,0.0,0.0,False,False
58306,720575940623025413,OA-AL2i3,visual_centrifugal,right,70.0,1.4,0.0,False,False
37830,720575940619097905,CB0430,central,left,70.0,1.4,0.0,False,False
89584,720575940628678991,WED125,central,right,70.0,0.0,0.0,False,False
23807,720575940615429118,OA-AL2i3,visual_centrifugal,right,68.6,1.4,0.0,False,False
48970,720575940621393172,Pm14,optic,left,68.6,1.4,0.0,False,False
62170,720575940623702345,CB0677,central,left,67.1,0.0,0.0,False,False
78527,720575940626818085,PVLP141,central,right,67.1,0.0,0.0,False,False
48838,720575940621371045,LT56,visual_centrifugal,right,67.1,0.0,0.0,False,False
63058,720575940623878891,CB3114,central,left,65.7,0.0,0.0,False,False
87120,720575940628251146,Li24,optic,right,65.7,0.0,0.0,False,False
116669,720575940635028591,PVLP137,central,left,65.7,0.0,0.0,False,False
86266,720575940628102652,CB0606,central,left,65.7,0.0,0.0,False,False
45777,720575940620835327,CB3915,central,center,64.3,0.0,0.0,False,False
34436,720575940618273241,CB0606,central,right,64.3,0.0,0.0,False,False
118536,720575940635684762,cL21,visual_centrifugal,right,64.3,0.0,0.0,False,False
136123,720575940647882548,CB1958,central,right,62.9,0.0,0.0,False,False
16213,720575940613065130,cL21,visual_centrifugal,right,62.9,0.0,0.0,False,False
36052,720575940618668198,CB2917,central,right,62.9,0.0,0.0,False,False
2955,720575940606218528,CB0563,central,right,62.9,0.0,0.0,False,False
138286,720575940660051073,CL140,central,right,62.9,0.0,0.0,False,False
124648,720575940638360798,PVLP020,central,left,61.4,0.0,0.0,False,False
472,720575940604088288,AVLP016,central,right,61.4,0.0,0.0,False,False
118139,720575940635552948,DNpe037,descending,right,61.4,0.0,0.0,False,False
93824,720575940629488682,CB2712,central,left,61.4,0.0,0.0,False,False
121162,720575940636832879,AVLP536,central,left,60.0,0.0,0.0,False,False
125165,720575940638603709,PVLP022,central,right,60.0,0.0,0.0,False,False
99247,720575940630559908,CB0738,central,right,60.0,0.0,0.0,False,False
16114,720575940613025331,PLP093,central,right,60.0,0.0,0.0,False,False
55663,720575940622550089,DNp07,descending,right,58.6,0.0,0.0,False,False
28588,720575940616826380,DNb09,descending,left,57.1,1.4,0.0,False,False
29219,720575940616984588,OA-AL2i3,visual_centrifugal,left,57.1,1.4,0.0,False,False
108880,720575940632527683,aMe6c,optic,right,57.1,1.4,0.0,False,False
114185,720575940633995949,PLP029,central,right,57.1,1.4,0.0,False,False
29262,720575940616996364,Li24,optic,right,57.1,0.0,0.0,False,False
30887,720575940617444130,CB0527,central,right,57.1,0.0,0.0,False,False
95175,720575940629766615,CB0013,central,right,55.7,1.4,0.0,False,False
27127,720575940616392849,CB0738,central,left,55.7,1.4,0.0,False,False
11805,720575940611621166,AVLP430,central,right,55.7,0.0,0.0,False,False
75832,720575940626309562,LT61b,visual_projection,left,55.7,0.0,0.0,False,False
68873,720575940624923655,PVLP114,central,right,55.7,0.0,0.0,False,False
61559,720575940623579063,PVLP137,central,right,54.3,0.0,0.0,False,False
71912,720575940625525740,OA-AL2b2,visual_centrifugal,left,54.3,0.0,0.0,False,False
109989,720575940632777320,OA-AL2b2,visual_centrifugal,right,54.3,1.4,0.0,False,False
103718,720575940631383400,PLP029,central,left,52.9,0.0,0.0,False,False
5353,720575940607982345,LAL053,central,right,52.9,0.0,0.0,False,False
58832,720575940623113752,AVLP538,central,left,51.4,0.0,0.0,False,False
93825,720575940629488902,OA-AL2i3,visual_centrifugal,left,51.4,1.4,0.0,False,False
130139,720575940640868184,LMa2,optic,left,51.4,0.0,0.0,False,False
119290,720575940635968398,PVLP100,central,right,51.4,0.0,0.0,False,False
84472,720575940627796298,AVLP080,central,left,51.4,0.0,0.0,False,False
123901,720575940638051696,Li24,optic,left,51.4,0.0,0.0,False,False
128764,720575940640172221,CL323a,central,left,50.0,0.0,0.0,False,False
123707,720575940637954886,AVLP399,central,right,50.0,1.4,0.0,False,False
76684,720575940626482813,CB1765,central,left,50.0,1.4,0.0,False,False
53582,720575940622186305,CL001,central,left,48.6,1.4,0.0,False,False
94746,720575940629677112,CB3400,central,right,48.6,0.0,0.0,False,False
12057,720575940611720690,PLP075,central,left,48.6,0.0,0.0,False,False
77147,720575940626575997,WED125,central,right,47.1,0.0,0.0,False,False
122873,720575940637603038,DNge038,descending,right,47.1,0.0,0.0,False,False
70066,720575940625132797,CB0519,central,left,47.1,1.4,0.0,False,False
81026,720575940627206842,AVLP500,central,right,47.1,1.4,0.0,False,False
98019,720575940630311383,AVLP151,central,right,47.1,0.0,0.0,False,False
34713,720575940618340057,PVLP093,central,left,47.1,0.0,0.0,False,False
93132,720575940629358321,AVLP500,central,left,45.7,1.4,0.0,False,False
19092,720575940614019379,CL109,central,left,45.7,1.4,0.0,False,False
104984,720575940631642937,CB3114,central,right,45.7,0.0,0.0,False,False
53459,720575940622161366,DNge054,descending,right,44.3,0.0,0.0,False,False
1303,720575940605095346,CB3915,central,center,44.3,0.0,0.0,False,False
94438,720575940629607921,CB0738,central,left,44.3,1.4,0.0,False,False
40577,720575940619822784,PVLP093,central,right,44.3,1.4,0.0,False,False
50942,720575940621726698,PVLP100,central,left,44.3,0.0,0.0,False,False
56988,720575940622786380,Li24,optic,left,44.3,0.0,0.0,False,False
90131,720575940628779898,CB3114,central,left,42.9,0.0,0.0,False,False
130768,720575940641464309,SAD013,central,left,42.9,1.4,0.0,False,False
136671,720575940649939702,CB1340,central,left,41.4,0.0,0.0,False,False
120612,720575940636574644,CB2700,central,left,41.4,0.0,0.0,False,False
108631,720575940632469290,CL001,central,right,41.4,0.0,0.0,False,False
6128,720575940608545219,AVLP080,central,right,41.4,0.0,0.0,False,False
55262,720575940622473292,CB0013,central,left,41.4,0.0,0.0,False,False
60863,720575940623455239,CB0527,central,left,41.4,0.0,0.0,False,False
130593,720575940641282267,CB0519,central,right,41.4,1.4,0.0,False,False
78706,720575940626848275,AVLP077,central,right,41.4,0.0,0.0,False,False
676,720575940604470240,CB0626,central,right,41.4,0.0,0.0,False,False
7444,720575940609423299,CB0819,central,left,40.0,0.0,0.0,False,False
42648,720575940620258480,PVLP114,central,left,40.0,0.0,0.0,False,False
29354,720575940617019442,LMa1,optic,right,40.0,0.0,0.0,False,False
122896,720575940637611365,AVLP086,central,left,40.0,0.0,0.0,False,False
111443,720575940633166617,CB1765,central,left,38.6,1.4,0.0,False,False
108699,720575940632486969,DNge036,descending,left,38.6,0.0,0.0,False,False
52518,720575940622010373,DNg55,descending,center,38.6,0.0,0.0,False,False
82270,720575940627405058,AVLP078,central,left,38.6,1.4,0.0,False,False
124110,720575940638132814,CB1839,central,left,38.6,1.4,0.0,False,False
114327,720575940634062803,LT51,visual_projection,left,37.1,0.0,0.0,False,False
25613,720575940615970015,CB0900,central,left,37.1,0.0,0.0,False,False
69289,720575940624996901,CB2712,central,right,37.1,0.0,0.0,False,False
33747,720575940618131928,IB061,central,left,37.1,1.4,0.0,False,False
30179,720575940617257985,AVLP086,central,right,37.1,1.4,0.0,False,False
2905,720575940606179686,DNpe021,descending,left,35.7,0.0,0.0,False,False
134550,720575940645697828,CB0789,motor,right,35.7,0.0,0.0,False,False
8498,720575940610063918,CB3707,central,left,35.7,1.4,0.0,False,False
115968,720575940634748385,Pm13,optic,left,35.7,1.4,0.0,False,False
112431,720575940633429331,LT51,visual_projection,right,35.7,0.0,0.0,False,False
104833,720575940631617017,VES064,central,left,35.7,0.0,0.0,False,False
79051,720575940626901136,DNg40,descending,left,35.7,1.4,0.0,False,False
79993,720575940627053861,Pm13,optic,left,35.7,0.0,0.0,False,False
65193,720575940624231719,CB2371,central,right,35.7,1.4,0.0,False,False
15794,720575940612943539,cM01a,visual_centrifugal,right,35.7,0.0,0.0,False,False
58488,720575940623054333,CB1765,central,right,35.7,0.0,0.0,False,False
52780,720575940622057057,cM01c,visual_centrifugal,right,35.7,0.0,0.0,False,False
34291,720575940618243009,CB3707,central,right,34.3,0.0,0.0,False,False
67889,720575940624743946,CB2305,central,left,34.3,0.0,0.0,False,False
104676,720575940631579929,CB2712,central,right,34.3,1.4,0.0,False,False
87026,720575940628236169,PLP001,central,right,34.3,1.4,0.0,False,False
133019,720575940644306592,cL15,visual_centrifugal,left,32.9,1.4,0.0,False,False
120898,720575940636700272,CB3707,central,right,32.9,1.4,0.0,False,False
52773,720575940622055777,WED127,central,left,32.9,0.0,0.0,False,False
74633,720575940626052540,PLP211,central,left,32.9,0.0,0.0,False,False
85630,720575940627996285,OA-AL2b2,visual_centrifugal,left,32.9,1.4,0.0,False,False
40752,720575940619864047,PLP034,central,right,32.9,0.0,0.0,False,False
136405,720575940648636292,DNb09,descending,right,32.9,1.4,0.0,False,False
120975,720575940636737246,PLP093,central,left,31.4,0.0,0.0,False,False
105065,720575940631663052,CB3400,central,left,31.4,0.0,0.0,False,False
29330,720575940617012934,CB0738,central,left,31.4,0.0,0.0,False,False
33841,720575940618153105,LT37,visual_centrifugal,left,31.4,0.0,0.0,False,False
99783,720575940630657271,IB061,central,right,31.4,1.4,0.0,False,False
103504,720575940631335528,PS001,central,right,31.4,1.4,0.0,False,False
113597,720575940633796252,CB0600,central,right,31.4,0.0,0.0,False,False
46071,720575940620889936,CL109,central,right,30.0,1.4,0.0,False,False
14323,720575940612508053,PVLP020,central,right,30.0,0.0,0.0,False,False
57344,720575940622859021,PS137,central,right,30.0,0.0,0.0,False,False
117257,720575940635211768,CB0626,central,left,30.0,0.0,0.0,False,False
133551,720575940644775534,"PVLP004,PVLP005",central,right,28.6,0.0,0.0,False,False
109232,720575940632614881,"PVLP004,PVLP005",central,right,28.6,0.0,0.0,False,False
47652,720575940621157645,DNpe024,descending,right,28.6,0.0,0.0,False,False
33912,720575940618165393,CB0580,central,left,28.6,0.0,0.0,False,False
47029,720575940621052848,Li24,optic,right,28.6,0.0,0.0,False,False
63520,720575940623953900,PVLP150,central,left,28.6,0.0,0.0,False,False
92303,720575940629177655,LAL053,central,left,28.6,0.0,0.0,False,False
41973,720575940620119279,CB2700,central,right,28.6,0.0,0.0,False,False
32915,720575940617948445,CB3707,central,left,28.6,0.0,0.0,False,False
122969,720575940637635305,CB0172,central,right,27.1,0.0,0.0,False,False
39959,720575940619682368,CB0783,motor,left,27.1,1.4,0.0,False,False
92311,720575940629179722,LMa2,optic,left,27.1,0.0,0.0,False,False
80354,720575940627107721,DNge036,descending,right,27.1,0.0,0.0,False,False
93831,720575940629489414,CB2700,central,left,27.1,0.0,0.0,False,False
122840,720575940637587813,CB2695,central,right,27.1,0.0,0.0,False,False
750,720575940604569824,AVLP082,central,right,27.1,1.4,0.0,False,False
5269,720575940607915698,LC14a1,optic,left,27.1,0.0,0.0,False,False
78988,720575940626889491,DNge124,descending,right,27.1,0.0,0.0,False,False
109531,720575940632679341,CB3114,central,right,27.1,0.0,0.0,False,False
69919,720575940625102224,AVLP079,central,right,27.1,0.0,0.0,False,False
66072,720575940624377224,AVLP083,central,right,27.1,0.0,0.0,False,False
11840,720575940611638258,LAL073,central,left,27.1,0.0,0.0,False,False
82479,720575940627439592,WED104,central,left,27.1,0.0,0.0,False,False
122294,720575940637341668,DNpe045,descending,left,25.7,0.0,0.0,False,False
64031,720575940624038438,LMa2,optic,left,25.7,0.0,0.0,False,False
74159,720575940625967546,LCNOp,central,right,25.7,0.0,0.0,False,False
71459,720575940625441003,AVLP449,central,left,25.7,0.0,0.0,False,False
44709,720575940620657857,CB0172,central,left,25.7,0.0,0.0,False,False
113079,720575940633631396,OA-VUMa1,central,center,25.7,0.0,0.0,False,False
92811,720575940629287484,AVLP290b,central,left,25.7,0.0,0.0,False,False
58129,720575940622998627,CB0580,central,right,25.7,0.0,0.0,False,False
94363,720575940629591793,AN_multi_125,ascending,left,25.7,0.0,0.0,False,False
91358,720575940628998659,CB0789,motor,left,25.7,0.0,0.0,False,False
125847,720575940638897315,CB1340,central,right,25.7,0.0,0.0,False,False
11832,720575940611633010,LT51,visual_projection,right,24.3,0.0,0.0,False,False
96801,720575940630072364,CB1958,central,left,24.3,0.0,0.0,False,False
135947,720575940647586681,PS188b,central,right,24.3,0.0,0.0,False,False
5648,720575940608188427,DNge037,descending,left,24.3,0.0,0.0,False,False
102290,720575940631107651,AVLP290b,central,left,24.3,0.0,0.0,False,False
84651,720575940627826760,DNge037,descending,right,24.3,1.4,0.0,False,False
85369,720575940627949589,DNp18,descending,right,24.3,0.0,0.0,False,False
65912,720575940624349993,DNp70,descending,left,24.3,1.4,0.0,False,False
9652,720575940610679876,CB0703,motor,left,22.9,0.0,0.0,False,False
9455,720575940610584184,AVLP001,central,left,22.9,0.0,0.0,False,False
22360,720575940615026739,PVLP112b,central,left,22.9,0.0,0.0,False,False
42014,720575940620125605,CB0738,central,left,22.9,0.0,0.0,False,False
34615,720575940618314897,DNp70,descending,right,22.9,1.4,0.0,False,False
113428,720575940633746515,PVLP015,central,left,22.9,0.0,0.0,False,False
93674,720575940629464305,VES012,central,right,22.9,1.4,0.0,False,False
65830,720575940624336647,WED104,central,right,22.9,1.4,0.0,False,False
78251,720575940626774863,CB3201,central,right,22.9,0.0,0.0,False,False
33869,720575940618157110,CL066,central,right,22.9,0.0,0.0,False,False
17363,720575940613436327,CL323b,central,right,21.4,0.0,0.0,False,False
66211,720575940624402173,DNpe053,descending,left,21.4,0.0,0.0,False,False
36324,720575940618727640,CB3390,central,left,21.4,0.0,0.0,False,False
29644,720575940617098385,VES013,central,right,21.4,1.4,0.0,False,False
103280,720575940631293202,CB0565,central,right,21.4,0.0,0.0,False,False
14649,720575940612612094,PVLP151,central,left,21.4,0.0,0.0,False,False
6009,720575940608431625,PVLP028,central,right,21.4,0.0,0.0,False,False
137421,720575940653310198,DNbe004,descending,right,21.4,0.0,0.0,False,False
83554,720575940627639528,CB0564,central,right,21.4,0.0,0.0,False,False
88433,720575940628463468,LC31b,visual_projection,right,21.4,0.0,0.0,False,False
16523,720575940613154582,CB0503,central,right,21.4,0.0,0.0,False,False
64957,720575940624192549,CB3525,central,right,21.4,0.0,0.0,False,False
19410,720575940614137907,DNp104,descending,left,20.0,0.0,0.0,False,False
39569,720575940619592768,LC31b,visual_projection,left,20.0,0.0,0.0,False,False
123055,720575940637662894,"PVLP004,PVLP005",central,right,20.0,0.0,0.0,False,False
53457,720575940622160705,AstA1,central,left,20.0,1.4,0.0,False,False
55972,720575940622616333,CB2695,central,left,20.0,0.0,0.0,False,False
55559,720575940622525729,Lawf2,optic,right,20.0,1.4,0.0,False,False
133149,720575940644438551,DNa01,descending,right,20.0,0.0,0.0,False,False
58111,720575940622996579,DNg40,descending,right,20.0,0.0,0.0,False,False
51555,720575940621819630,PLP060,central,left,20.0,0.0,0.0,False,False
94547,720575940629637163,Lawf2,optic,right,20.0,0.0,0.0,False,False
59118,720575940623153788,DNpe014,descending,left,20.0,0.0,0.0,False,False
60699,720575940623432918,AstA1,central,right,20.0,1.4,0.0,False,False
43967,720575940620534768,DNa05,descending,left,20.0,1.4,0.0,False,False
49798,720575940621543194,AVLP290b,central,right,20.0,0.0,0.0,False,False
90396,720575940628817372,CB1340,central,right,20.0,0.0,0.0,False,False
83891,720575940627702293,Lawf2,optic,right,20.0,1.4,0.0,False,False
93983,720575940629513478,AVLP538,central,right,20.0,0.0,0.0,False,False
7702,720575940609592270,CB0761,central,right,20.0,1.4,0.0,False,False
35716,720575940618578945,CB3525,central,left,20.0,0.0,0.0,False,False
85206,720575940627924227,DNpe014,descending,left,20.0,0.0,0.0,False,False
86795,720575940628197392,cM01b,visual_centrifugal,right,20.0,0.0,0.0,False,False
61707,720575940623608361,LMa2,optic,right,20.0,0.0,0.0,False,False
131941,720575940642884000,CB0900,central,right,18.6,0.0,0.0,False,False
51550,720575940621819227,LMa2,optic,right,18.6,0.0,0.0,False,False
26452,720575940616194610,CB0819,central,right,18.6,0.0,0.0,False,False
135560,720575940647000708,CB2695,central,right,18.6,0.0,0.0,False,False
82145,720575940627384851,IB068,central,right,18.6,0.0,0.0,False,False
12768,720575940611981029,DNg111,descending,right,18.6,0.0,0.0,False,False
29356,720575940617019846,CB0095,central,right,18.6,1.4,0.0,False,False
95611,720575940629853739,LMa1,optic,right,18.6,0.0,0.0,False,False
110109,720575940632804435,VES005,central,left,18.6,0.0,0.0,False,False
51627,720575940621832397,cL18,visual_centrifugal,right,18.6,0.0,0.0,False,False
130298,720575940640978421,CB0600,central,left,18.6,0.0,0.0,False,False
35207,720575940618460857,LMa2,optic,left,18.6,0.0,0.0,False,False
86580,720575940628154364,cL22b,visual_centrifugal,right,18.6,0.0,0.0,False,False
122092,720575940637258985,AVLP290b,central,right,18.6,0.0,0.0,False,False
130669,720575940641363957,AVLP429,central,left,18.6,0.0,0.0,False,False
48602,720575940621333509,CB3923,central,center,18.6,0.0,0.0,False,False
28368,720575940616766169,AVLP078,central,right,17.1,0.0,0.0,False,False
114931,720575940634317724,CB1498,central,left,17.1,0.0,0.0,False,False
24049,720575940615500030,CB0720,motor,left,17.1,0.0,0.0,False,False
100092,720575940630708498,PS187,central,right,17.1,0.0,0.0,False,False
58878,720575940623122125,DNp104,descending,right,17.1,0.0,0.0,False,False
115612,720575940634617952,DNg57,descending,left,17.1,0.0,0.0,False,False
22149,720575940614958120,MTe15,visual_projection,left,17.1,0.0,0.0,False,False
6936,720575940609137500,LT42,visual_centrifugal,left,17.1,0.0,0.0,False,False
123195,720575940637718912,CB2700,central,right,17.1,0.0,0.0,False,False
95975,720575940629920056,CB1378,central,left,17.1,0.0,0.0,False,False
66415,720575940624439498,CB1920,central,left,17.1,0.0,0.0,False,False
82878,720575940627510012,Lawf2,optic,right,17.1,0.0,0.0,False,False
87162,720575940628258577,Li24,optic,left,17.1,0.0,0.0,False,False
24144,720575940615526978,PS276,central,left,17.1,0.0,0.0,False,False
35121,720575940618440000,DNp18,descending,left,17.1,0.0,0.0,False,False
77741,720575940626682129,AVLP509,central,right,17.1,1.4,0.0,False,False
83052,720575940627538434,DNg79,descending,right,17.1,1.4,0.0,False,False
115411,720575940634528864,CB0549,central,right,15.7,0.0,0.0,False,False
54820,720575940622388318,Lawf2,optic,right,15.7,0.0,0.0,False,False
29415,720575940617034565,DNp07,descending,left,15.7,0.0,0.0,False,False
46038,720575940620884103,"PVLP004,PVLP005",central,right,15.7,0.0,0.0,False,False
43087,720575940620353300,CB0022,central,left,15.7,0.0,0.0,False,False
112815,720575940633556644,AOTU019,central,left,15.7,0.0,0.0,False,False
105214,720575940631698340,AVLP449,central,right,15.7,0.0,0.0,False,False
104346,720575940631511363,CB2869,central,right,15.7,1.4,0.0,False,False
87662,720575940628342282,LMa1,optic,right,15.7,0.0,0.0,False,False
86153,720575940628082053,LT42,visual_centrifugal,right,15.7,0.0,0.0,False,False
79362,720575940626952847,Lawf2,optic,right,15.7,0.0,0.0,False,False
78133,720575940626751294,Lawf2,optic,right,15.7,0.0,0.0,False,False
79396,720575940626960536,CB0022,central,right,15.7,0.0,0.0,False,False
34813,720575940618366843,AVLP082,central,left,15.7,1.4,0.0,False,False
13536,720575940612264817,AVLP079,central,left,15.7,0.0,0.0,False,False
126398,720575940639123544,CL213,central,right,15.7,0.0,0.0,False,False
134984,720575940646192692,SAD084,central,right,15.7,0.0,0.0,False,False
6225,720575940608617923,AVLP155,central,right,15.7,0.0,0.0,False,False
53642,720575940622195625,DNge003,descending,right,14.3,0.0,0.0,False,False
52759,720575940622053185,LT51,visual_projection,right,14.3,1.4,0.0,False,False
89741,720575940628709653,Lawf2,optic,right,14.3,0.0,0.0,False,False
113968,720575940633915309,Lawf2,optic,right,14.3,0.0,0.0,False,False
104365,720575940631517251,AOTU019,central,right,14.3,0.0,0.0,False,False
60606,720575940623415849,CB0720,motor,right,14.3,0.0,0.0,False,False
122790,720575940637565838,SMP543,central,left,14.3,0.0,0.0,False,False
135997,720575940647663748,Lawf2,optic,right,14.3,0.0,0.0,False,False
63681,720575940623983859,VES013,central,left,14.3,1.4,0.0,False,False
57682,720575940622920461,"PVLP004,PVLP005",central,right,14.3,0.0,0.0,False,False
9033,720575940610375214,VES012,central,left,14.3,1.4,0.0,False,False
134188,720575940645360663,Lawf2,optic,right,14.3,0.0,0.0,False,False
94148,720575940629545883,Lawf2,optic,right,14.3,0.0,0.0,False,False
18049,720575940613639538,Lawf2,optic,left,14.3,0.0,0.0,False,False
18171,720575940613681314,PS175,central,left,14.3,1.4,0.0,False,False
115673,720575940634638562,Dm17,optic,right,12.9,0.0,0.0,False,False
92174,720575940629155227,DNpe021,descending,right,12.9,0.0,0.0,False,False
93663,720575940629461442,DNb05,descending,right,12.9,0.0,0.0,False,False
83646,720575940627657734,CB0158,central,left,12.9,0.0,0.0,False,False
84431,720575940627787609,DNa01,descending,left,12.9,0.0,0.0,False,False
68811,720575940624915128,WED015,central,right,12.9,1.4,0.0,False,False
66381,720575940624434323,VES005,central,right,12.9,0.0,0.0,False,False
54702,720575940622366814,LC14a1,optic,left,12.9,0.0,0.0,False,False
21825,720575940614849832,Lawf2,optic,left,12.9,0.0,0.0,False,False
23737,720575940615408490,Lawf2,optic,right,12.9,0.0,0.0,False,False
108433,720575940632427112,Sm32,optic,left,12.9,1.4,0.0,False,False
108180,720575940632387353,CB2251,central,left,12.9,0.0,0.0,False,False
109735,720575940632726220,CB0857,central,right,12.9,0.0,0.0,False,False
93492,720575940629426025,PLP034,central,left,12.9,0.0,0.0,False,False
135743,720575940647253795,MeMe_e02,optic,left,12.9,0.0,0.0,False,False
71821,720575940625508610,MTe37,visual_projection,left,11.4,0.0,0.0,False,False
99368,720575940630580854,CB0875,motor,left,11.4,0.0,0.0,False,False
109329,720575940632634532,DNg57,descending,right,11.4,0.0,0.0,False,False
3448,720575940606574091,"PVLP004,PVLP005",central,right,11.4,0.0,0.0,False,False
18975,720575940613977494,AVLP399,central,left,11.4,1.4,0.0,False,False
56364,720575940622680724,LC31b,visual_projection,right,11.4,0.0,0.0,False,False
35093,720575940618432185,Lawf2,optic,right,11.4,0.0,0.0,False,False
56088,720575940622633716,DNge041,descending,left,11.4,0.0,0.0,False,False
7153,720575940609268491,SAD064,central,left,11.4,0.0,0.0,False,False
6995,720575940609180718,LC14a1,optic,left,11.4,0.0,0.0,False,False
82071,720575940627371326,Lawf2,optic,right,10.0,0.0,0.0,False,False
90489,720575940628834151,CB3716,central,left,10.0,0.0,0.0,False,False
26957,720575940616340639,CB0720,motor,left,10.0,0.0,0.0,False,False
82803,720575940627495452,Lawf2,optic,right,10.0,0.0,0.0,False,False
137390,720575940653213174,LMa2,optic,right,10.0,0.0,0.0,False,False
80187,720575940627083397,PVLP150,central,right,10.0,0.0,0.0,False,False
50472,720575940621646730,"PVLP004,PVLP005",central,left,10.0,0.0,0.0,False,False
25541,720575940615954070,Lawf2,optic,right,10.0,0.0,0.0,False,False
21398,720575940614734754,CB0783,motor,right,10.0,0.0,0.0,False,False
70426,720575940625214183,Lawf2,optic,right,10.0,0.0,0.0,False,False
64520,720575940624121161,DNpe027,descending,right,10.0,0.0,0.0,False,False
30632,720575940617374242,LAL121,central,right,10.0,0.0,0.0,False,False
101293,720575940630927104,Lawf2,optic,right,10.0,0.0,0.0,False,False
58534,720575940623062515,DNa05,descending,right,10.0,0.0,0.0,False,False
89378,720575940628641127,CL140,central,left,10.0,0.0,0.0,False,False
103318,720575940631299602,CB0124,central,right,10.0,0.0,0.0,False,False
32801,720575940617921861,Lawf2,optic,right,10.0,0.0,0.0,False,False
86381,720575940628120744,LT82b,visual_projection,right,10.0,0.0,0.0,False,False
66804,720575940624525043,CRE041,central,left,8.6,0.0,0.0,False,False
59180,720575940623164685,DNge003,descending,left,8.6,0.0,0.0,False,False
119965,720575940636280809,LCe07,visual_projection,left,8.6,0.0,0.0,False,False
132102,720575940643118733,LT51,visual_projection,left,8.6,0.0,0.0,False,False
92589,720575940629240263,DNge041,descending,right,8.6,0.0,0.0,False,False
83920,720575940627706398,VCH,visual_centrifugal,left,8.6,0.0,0.0,False,False
26746,720575940616286175,DNa13,descending,left,8.6,0.0,0.0,False,False
15463,720575940612856434,CL361,central,left,8.6,0.0,0.0,False,False
138340,720575940660233601,CB0857,central,left,8.6,0.0,0.0,False,False
25432,720575940615922971,"PVLP004,PVLP005",central,left,8.6,0.0,0.0,False,False
6027,720575940608451420,CB0565,central,left,8.6,0.0,0.0,False,False
31232,720575940617530525,CB2695,central,left,8.6,0.0,0.0,False,False
129909,720575940640749171,Lawf2,optic,right,7.1,0.0,0.0,False,False
128480,720575940640048974,Lawf2,optic,left,7.1,0.0,0.0,False,False
82300,720575940627410451,CB0858,motor,left,7.1,0.0,0.0,False,False
37180,720575940618942977,Sm32,optic,left,7.1,0.0,0.0,False,False
82960,720575940627522691,Lai,optic,right,7.1,0.0,0.0,False,False
74758,720575940626082588,Lawf2,optic,right,7.1,0.0,0.0,False,False
37947,720575940619127256,Lawf2,optic,right,7.1,0.0,0.0,False,False
81160,720575940627225743,CB3162,central,left,7.1,0.0,0.0,False,False
52745,720575940622051572,Lawf2,optic,right,7.1,0.0,0.0,False,False
55226,720575940622466565,aMe6a,visual_projection,right,7.1,0.0,0.0,False,False
90454,720575940628826128,CB0858,motor,right,7.1,0.0,0.0,False,False
89589,720575940628680177,AN_multi_124,ascending,right,7.1,0.0,0.0,False,False
48517,720575940621319924,CB0283,central,right,7.1,0.0,0.0,False,False
105256,720575940631708973,SAD084,central,left,7.1,0.0,0.0,False,False
46971,720575940621042292,Lawf2,optic,right,7.1,0.0,0.0,False,False
109416,720575940632652600,Lawf2,optic,right,7.1,0.0,0.0,False,False
105290,720575940631715896,CB0706,motor,right,7.1,0.0,0.0,False,False
111464,720575940633170643,DNp08,descending,right,7.1,0.0,0.0,False,False
33403,720575940618058048,PS049,central,right,7.1,0.0,0.0,False,False
32003,720575940617720577,"LAL160,LAL161",central,right,7.1,0.0,0.0,False,False
101584,720575940630979659,Lawf2,optic,right,7.1,0.0,0.0,False,False
64082,720575940624047615,Lawf2,optic,right,7.1,0.0,0.0,False,False
102124,720575940631082808,MDN,descending,left,7.1,0.0,0.0,False,False
100511,720575940630778746,Lawf2,optic,left,7.1,0.0,0.0,False,False
88284,720575940628437291,DNp35,descending,left,7.1,0.0,0.0,False,False
93235,720575940629379402,Lai,optic,right,7.1,0.0,0.0,False,False
57857,720575940622950084,Lawf2,optic,right,7.1,0.0,0.0,False,False
131033,720575940641706184,PVLP138,central,right,7.1,0.0,0.0,False,False
133471,720575940644726432,CB0703,motor,right,7.1,0.0,0.0,False,False
133464,720575940644722592,Lai,optic,right,7.1,0.0,0.0,False,False
58249,720575940623016709,LMa1,optic,right,7.1,0.0,0.0,False,False
3273,720575940606464102,Lawf2,optic,right,7.1,0.0,0.0,False,False
1755,720575940605462961,Lawf2,optic,right,7.1,0.0,0.0,False,False
118933,720575940635837887,CB0204,central,left,7.1,0.0,0.0,False,False
12412,720575940611849934,Lawf2,optic,right,7.1,0.0,0.0,False,False
12903,720575940612033253,CB0543,central,left,7.1,0.0,0.0,False,False
13544,720575940612267362,Lawf2,optic,right,7.1,0.0,0.0,False,False
135567,720575940647010356,CB0806,central,left,7.1,0.0,0.0,False,False
135864,720575940647436835,AVLP084,central,right,7.1,0.0,0.0,False,False
122882,720575940637607646,DNa13,descending,right,7.1,0.0,0.0,False,False
124715,720575940638397150,Lawf2,optic,right,7.1,0.0,0.0,False,False
125275,720575940638642776,LC14a1,optic,right,7.1,0.0,0.0,False,False
125443,720575940638720070,cL18,visual_centrifugal,left,5.7,1.4,0.0,False,False
126911,720575940639352483,AVLP537,central,left,5.7,1.4,0.0,False,False
11709,720575940611588835,SAD049,central,left,5.7,0.0,0.0,False,False
120807,720575940636656632,DNg74_b,descending,left,5.7,0.0,0.0,False,False
8808,720575940610236514,MDN,descending,right,5.7,0.0,0.0,False,False
18131,720575940613668266,AVLP432,central,left,5.7,0.0,0.0,False,False
18198,720575940613686698,Sm41,optic,left,5.7,0.0,0.0,False,False
83388,720575940627604977,AVLP537,central,right,5.7,0.0,0.0,False,False
27707,720575940616558548,MeMe_e01,optic,left,5.7,0.0,0.0,False,False
54791,720575940622382686,Lawf2,optic,right,5.7,0.0,0.0,False,False
135896,720575940647474979,CB0882,motor,left,5.7,0.0,0.0,False,False
112096,720575940633328098,CL361,central,right,5.7,0.0,0.0,False,False
14249,720575940612488341,DNpe045,descending,right,5.7,0.0,0.0,False,False
75049,720575940626138701,CB0556,central,left,5.7,0.0,0.0,False,False
79397,720575940626961241,CB0806,central,right,5.7,0.0,0.0,False,False
39927,720575940619676224,PPL202,central,right,5.7,0.0,0.0,False,False
17246,720575940613408552,DNa13,descending,left,5.7,0.0,0.0,False,False
14415,720575940612537061,CB0358,central,right,5.7,0.0,0.0,False,False
14318,720575940612506994,CB3390,central,right,5.7,0.0,0.0,False,False
99844,720575940630668538,MeMe_e02,optic,left,5.7,0.0,0.0,False,False
60405,720575940623379750,CB0773,central,left,5.7,0.0,0.0,False,False
65836,720575940624338056,Dm17,optic,right,5.7,0.0,0.0,False,False
29523,720575940617064716,cM02b,visual_centrifugal,right,5.7,0.0,0.0,False,False
71790,720575940625502666,DNa13,descending,right,5.7,0.0,0.0,False,False
119285,720575940635967118,PVLP115,central,left,4.3,0.0,0.0,False,False
10972,720575940611292622,CL029b,central,right,4.3,0.0,0.0,False,False
22214,720575940614979634,PVLP030,central,right,4.3,0.0,0.0,False,False
75822,720575940626308697,CB0761,central,left,4.3,0.0,0.0,False,False
114049,720575940633942445,CB0206,central,left,4.3,0.0,0.0,False,False
137452,720575940653399030,LMa2,optic,left,4.3,0.0,0.0,False,False
129127,720575940640331472,MDN,descending,right,4.3,0.0,0.0,False,False
26968,720575940616344518,Lawf2,optic,right,4.3,0.0,0.0,False,False
27878,720575940616604817,DNpe023,descending,left,4.3,0.0,0.0,False,False
61866,720575940623638781,Lawf2,optic,right,4.3,0.0,0.0,False,False
24642,720575940615684242,LT40,visual_centrifugal,right,4.3,0.0,0.0,False,False
88713,720575940628522540,IB092,central,left,4.3,0.0,0.0,False,False
87495,720575940628314667,CL066,central,left,4.3,0.0,0.0,False,False
41999,720575940620123631,CB0079,central,right,4.3,0.0,0.0,False,False
21750,720575940614828082,IB065,central,right,4.3,0.0,0.0,False,False
64902,720575940624184063,Lawf2,optic,left,4.3,0.0,0.0,False,False
67714,720575940624710653,CB0543,central,right,4.3,0.0,0.0,False,False
92995,720575940629328172,PVLP070,central,right,4.3,0.0,0.0,False,False
64005,720575940624033516,PVLP070,central,right,4.3,0.0,0.0,False,False
16754,720575940613235865,"AVLP530,AVLP561",central,right,4.3,0.0,0.0,False,False
108862,720575940632524559,DNg70,descending,right,4.3,0.0,0.0,False,False
82004,720575940627357457,PAL01,central,right,4.3,0.0,0.0,False,False
126371,720575940639112765,CB0539,central,left,2.9,0.0,0.0,False,False
57822,720575940622945037,LNO2,central,left,2.9,0.0,0.0,False,False
135141,720575940646419747,5-HTPLP01,central,left,2.9,0.0,0.0,False,False
105242,720575940631705130,DNg111,descending,left,2.9,0.0,0.0,False,False
105517,720575940631770593,CB0431,central,left,2.9,0.0,0.0,False,False
38220,720575940619199301,Lawf2,optic,right,2.9,0.0,0.0,False,False
81594,720575940627293540,CB0806,central,left,2.9,0.0,0.0,False,False
110519,720575940632900665,DNpe022,descending,right,2.9,0.0,0.0,False,False
108315,720575940632407826,DNg70,descending,left,2.9,0.0,0.0,False,False
106856,720575940632076751,MeMe_e04,visual_projection,left,2.9,0.0,0.0,False,False
111648,720575940633208647,PS065,central,left,2.9,0.0,0.0,False,False
113607,720575940633800860,CB0679,central,right,2.9,0.0,0.0,False,False
121815,720575940637126286,Lawf2,optic,right,2.9,0.0,0.0,False,False
117255,720575940635211115,CB0865,central,right,2.9,0.0,0.0,False,False
28510,720575940616807897,"LAL074,LAL084",central,left,2.9,0.0,0.0,False,False
137748,720575940655000737,LT51,visual_projection,left,2.9,0.0,0.0,False,False
138436,720575940660573313,Lawf2,optic,right,2.9,0.0,0.0,False,False
22888,720575940615167919,Lawf2,optic,left,2.9,0.0,0.0,False,False
88558,720575940628490513,MTe15,visual_projection,left,2.9,0.0,0.0,False,False
87986,720575940628387587,CB0539,central,right,2.9,0.0,0.0,False,False
42165,720575940620157093,CB3579,central,left,2.9,0.0,0.0,False,False
93249,720575940629380938,Lai,optic,right,2.9,0.0,0.0,False,False
94553,720575940629638262,LTe27,visual_projection,left,2.9,0.0,0.0,False,False
98097,720575940630327290,Lawf2,optic,right,2.9,0.0,0.0,False,False
94159,720575940629547991,"LAL160,LAL161",central,left,2.9,0.0,0.0,False,False
21556,720575940614775592,PAL01,central,left,2.9,0.0,0.0,False,False
134613,720575940645742884,LAL127,central,left,2.9,0.0,0.0,False,False
20169,720575940614374034,CL063,central,right,2.9,0.0,0.0,False,False
38930,720575940619404155,Lawf2,optic,right,2.9,0.0,0.0,False,False
102243,720575940631100665,Lawf2,optic,right,2.9,0.0,0.0,False,False
43649,720575940620474278,CB0865,central,right,2.9,0.0,0.0,False,False
44833,720575940620678772,LAL016,central,right,2.9,0.0,0.0,False,False
59797,720575940623274966,DNpe037,descending,left,2.9,0.0,0.0,False,False
103229,720575940631283512,CB0556,central,right,2.9,0.0,0.0,False,False
20378,720575940614434302,CB1378,central,right,2.9,0.0,0.0,False,False
1829,720575940605530336,Lawf2,optic,left,1.4,0.0,0.0,False,False
2793,720575940606112940,DNg13,descending,right,1.4,0.0,0.0,False,False
121801,720575940637118527,WED015,central,right,1.4,0.0,0.0,False,False
11861,720575940611644529,DNp06,descending,right,1.4,0.0,0.0,False,False
10228,720575940610962069,AVLP435b,central,right,1.4,0.0,0.0,False,False
130499,720575940641188304,LCe06,visual_projection,right,1.4,0.0,0.0,False,False
125853,720575940638900799,Lawf2,optic,right,1.4,0.0,0.0,False,False
126322,720575940639086399,LMa2,optic,left,1.4,0.0,0.0,False,False
11394,720575940611473618,Lawf2,optic,left,1.4,0.0,0.0,False,False
56868,720575940622764058,Sm32,optic,left,1.4,0.0,0.0,False,False
132256,720575940643326349,CB1734,central,left,1.4,0.0,0.0,False,False
9313,720575940610505006,DNp103,descending,right,1.4,0.0,0.0,False,False
121016,720575940636762479,LMa2,optic,right,1.4,0.0,0.0,False,False
57208,720575940622828056,SMP181,central,right,1.4,0.0,0.0,False,False
3938,720575940606852018,CB0358,central,left,1.4,0.0,0.0,False,False
76883,720575940626522155,AVLP305,central,left,1.4,0.0,0.0,False,False
83254,720575940627578055,LAL120b,central,left,1.4,0.0,0.0,False,False
86874,720575940628209801,AN_multi_124,ascending,left,1.4,0.0,0.0,False,False
61306,720575940623529315,Lawf2,optic,right,1.4,0.0,0.0,False,False
60704,720575940623433725,AVLP505,central,right,1.4,0.0,0.0,False,False
59804,720575940623276168,DNp35,descending,right,1.4,0.0,0.0,False,False
42563,720575940620241573,PS203a,central,left,1.4,0.0,0.0,False,False
44584,720575940620638373,Lawf2,optic,right,1.4,0.0,0.0,False,False
46248,720575940620918789,DNa03,descending,left,1.4,0.0,0.0,False,False
46533,720575940620963920,Lawf2,optic,right,1.4,0.0,0.0,False,False
18060,720575940613643122,LMa1,optic,right,1.4,0.0,0.0,False,False
32048,720575940617730265,Lawf2,optic,right,1.4,0.0,0.0,False,False
30279,720575940617286027,Lawf2,optic,right,1.4,0.0,0.0,False,False
130005,720575940640788725,PS088,central,left,1.4,0.0,0.0,False,False
29487,720575940617048550,VES076,central,right,1.4,0.0,0.0,False,False
133704,720575940644928547,VES057,central,right,1.4,0.0,0.0,False,False
20006,720575940614324008,Lawf2,optic,right,1.4,0.0,0.0,False,False
134236,720575940645398551,Lawf2,optic,right,1.4,0.0,0.0,False,False
67316,720575940624628715,Lawf2,optic,left,1.4,0.0,0.0,False,False
70848,720575940625313468,Lawf2,optic,left,1.4,0.0,0.0,False,False
70588,720575940625259056,LCNOp,central,left,1.4,0.0,0.0,False,False
68389,720575940624845053,Lawf2,optic,left,1.4,0.0,0.0,False,False
72792,720575940625706288,Lawf2,optic,right,1.4,0.0,0.0,False,False
72719,720575940625694034,"PVLP004,PVLP005",central,right,1.4,0.0,0.0,False,False
97113,720575940630140119,CRE041,central,right,1.4,0.0,0.0,False,False
97451,720575940630204155,cL22b,visual_centrifugal,left,1.4,0.0,0.0,False,False
99782,720575940630657015,PS232,central,left,1.4,0.0,0.0,False,False
89492,720575940628659650,LAL127,central,left,1.4,0.0,0.0,False,False
89423,720575940628648903,Lawf2,optic,right,1.4,0.0,0.0,False,False
87834,720575940628363283,Lai,optic,right,1.4,0.0,0.0,False,False
88403,720575940628459011,CB0549,central,left,1.4,0.0,0.0,False,False
42282,720575940620182181,CB0004,motor,right,1.4,0.0,0.0,False,False
40177,720575940619728037,VES077,central,right,1.4,0.0,0.0,False,False
79732,720575940627015196,DNg108,descending,left,1.4,0.0,0.0,False,False
80216,720575940627087646,DNg74_b,descending,right,1.4,0.0,0.0,False,False
106710,720575940632043576,DNg108,descending,right,1.4,0.0,0.0,False,False
90315,720575940628805448,"SMP544,LAL134",central,left,1.4,0.0,0.0,False,False
61826,720575940623632904,LAL014,central,left,1.4,0.0,0.0,False,False
62546,720575940623781127,DNp103,descending,left,1.4,0.0,0.0,False,False
113916,720575940633901395,CB0584,central,right,1.4,0.0,0.0,False,False
22392,720575940615036319,CB0757,central,right,1.4,0.0,0.0,False,False
112547,720575940633471583,LC14a1,optic,right,1.4,0.0,0.0,False,False
112729,720575940633529548,DNg74_a,descending,left,1.4,0.0,0.0,False,False
74942,720575940626112062,LAL014,central,right,1.4,0.0,0.0,False,False
28270,720575940616736230,"PVLP004,PVLP005",central,left,1.4,0.0,0.0,False,False
26140,720575940616111243,CB1734,central,right,1.4,0.0,0.0,False,False
25252,720575940615868010,PS018b,central,left,1.4,0.0,0.0,False,False
16326,720575940613100723,Lawf2,optic,left,1.4,0.0,0.0,False,False
14887,720575940612684054,Lawf2,optic,right,1.4,0.0,0.0,False,False
25038,720575940615798470,DNpe022,descending,left,1.4,0.0,0.0,False,False
26743,720575940616285151,PLP075,central,right,1.4,0.0,0.0,False,False
52559,720575940622018217,LAL040,central,left,1.4,0.0,0.0,False,False
52505,720575940622007472,cM11,visual_centrifugal,left,1.4,0.0,0.0,False,False
116937,720575940635119723,LHAD1g1,central,left,1.4,0.0,0.0,False,False
117468,720575940635283808,Lawf2,optic,left,1.4,0.0,0.0,False,False
56320,720575940622673860,DNp06,descending,left,1.4,0.0,0.0,False,False
55407,720575940622500172,DNg74_a,descending,right,1.4,0.0,0.0,False,False
54792,720575940622382942,Lawf2,optic,right,1.4,0.0,0.0,False,False
5925,720575940608368818,CB0124,central,left,1.4,0.0,0.0,False,False
